Date,Close,Open,High,Low
10/24/2024,218.39,220.8,221.32,216.16
10/23/2024,232.75,230.41,233.34,230.26
10/22/2024,232.25,231.99,232.97,230.67
10/21/2024,231.75,231.21,232.42,230.26
10/18/2024,232.2,231.92,232.65,230.17
10/17/2024,232.88,232,233.15,230.66
10/16/2024,233.67,232.11,233.88,231.12
10/15/2024,232.96,236.4,237.37,232.71
10/14/2024,235.26,233.57,236.12,233.17
10/11/2024,233.26,233.25,233.44,230.46
10/10/2024,233.02,235.1,235.83,231.81
10/9/2024,234.3,229.2,234.95,228.5
10/8/2024,228.62,228.11,229.35,227.04
10/7/2024,227.12,225.38,227.67,225.02
10/4/2024,226,223.75,226.08,223.27
10/3/2024,222.72,219.5,222.83,219.27
10/2/2024,219.73,218.31,220.2,215.8
10/1/2024,219.35,220.63,221.1,215.9
9/30/2024,221.08,220.65,221.32,219.02
9/27/2024,220.84,223,224.15,220.77
9/26/2024,223.43,222.11,224,221.36
9/25/2024,221.23,221.17,221.85,220.16
9/24/2024,220.97,219.78,221.19,218.16
9/23/2024,220.5,218,220.62,217.27
9/20/2024,217.7,214.33,217.85,213.74
9/19/2024,213.89,218.01,218.48,210.37
9/18/2024,214.94,214.13,216.86,213.59
9/17/2024,214.13,217.25,218.84,213
9/16/2024,217.16,215.88,217.9,215.52
9/13/2024,214.79,212.48,216.09,212.13
9/12/2024,211.61,210,212.65,208.27
9/11/2024,209.89,207.76,210.12,203.04
9/10/2024,205.32,204.2,205.83,202.87
9/9/2024,203.53,201.94,205.05,201.43
9/6/2024,200.74,202.38,204.1,199.34
9/5/2024,202.59,204.08,205.95,200.96
9/4/2024,204.11,200.76,204.36,200.5
9/3/2024,201.28,201.91,204.72,200.21
8/30/2024,202.13,199.11,202.17,198.73
8/29/2024,198.9,199.3,201.12,198.27
8/28/2024,198.46,199,200,197.49
8/27/2024,198.73,197.44,199.4,196.97
8/26/2024,197.98,196,198.35,195.9
8/23/2024,196.1,196.79,197.38,194.39
8/22/2024,195.96,197.25,197.92,195.57
8/21/2024,197.21,195.97,197.33,194.12
8/20/2024,196.03,194.59,196.21,193.75
8/19/2024,194.73,193.84,195.53,193.72
8/16/2024,193.78,193.58,194.35,192.86
8/15/2024,193.95,193.51,194.25,193.28
8/14/2024,192.32,191.15,193.09,190.73
8/13/2024,190.99,190.29,191.31,189.21
8/12/2024,189.48,191.25,191.58,189
8/9/2024,191.45,191.18,192.63,189.04
8/8/2024,192.61,187.5,192.88,187
8/7/2024,186.8,188.08,189.87,186.7
8/6/2024,186.8,184.7,188.9,183.64
8/5/2024,183.31,184.55,185.26,181.81
8/2/2024,189.12,188.78,189.26,185.7
8/1/2024,189.66,192.81,193.64,188.29
7/31/2024,192.14,191,194.55,189.99
7/30/2024,191.04,191.48,192.77,189.09
7/29/2024,191.5,193.18,193.29,189.18
7/26/2024,191.75,190.51,193.57,189.62
7/25/2024,191.98,186.8,196.26,185.3
7/24/2024,184.02,184.14,185.07,183.15
7/23/2024,184.1,184.36,185.38,183.01
7/22/2024,184.15,183.4,184.97,182.86
7/19/2024,183.25,186.33,187,181.95
7/18/2024,185.22,186.64,189.47,185.1
7/17/2024,187.45,185.44,187.94,185.07
7/16/2024,185.81,184.67,186.6,184.52
7/15/2024,182.88,183.38,184.9,182.6
7/12/2024,182.83,178.56,184.16,178.5
7/11/2024,178.31,177.65,179.44,176.62
7/10/2024,177.84,176.6,178.22,174.45
7/9/2024,176.48,177.6,177.7,175.58
7/8/2024,177.64,176.41,178.59,176.01
7/5/2024,176.02,175.74,176.09,173.95
7/3/2024,175.73,177.88,177.98,175.17
7/2/2024,177.3,174.84,177.49,174.32
7/1/2024,175.1,173.45,176.46,173.38
6/28/2024,172.95,170.85,173.46,170.53
6/27/2024,170.85,171.12,172.5,170.48
6/26/2024,171.87,171.28,172.68,170.41
6/25/2024,172.6,175.14,175.75,171.42
6/24/2024,175.01,175,178.46,174.15
6/21/2024,172.46,173.97,174.96,171.4
6/20/2024,173.92,174.08,174.28,171.22
6/18/2024,170.55,170,170.75,168.38
6/17/2024,169.5,168.76,169.72,167.5
6/14/2024,169.21,168.29,169.47,167.23
6/13/2024,169.12,169.01,169.59,168.34
6/12/2024,169,171.35,172.47,168.1
6/11/2024,169.32,169.98,170,166.81
6/10/2024,170.38,169.55,170.76,168.88
6/7/2024,170.01,168.18,171.31,168.06
6/6/2024,168.2,167.38,168.44,166.8
6/5/2024,167.38,166.41,167.79,165.78
6/4/2024,165.81,164.6,166.4,163.88
6/3/2024,165.28,166.54,166.78,163.53
5/31/2024,166.85,165.7,166.97,163.84
5/30/2024,165.63,165.56,166.73,164.23
5/29/2024,167.05,168,168.63,166.21
5/28/2024,169.66,170.44,171.09,168.65
5/24/2024,170.89,171.48,172.01,170.21
5/23/2024,170.67,175.39,175.46,170.44
5/22/2024,173.69,173.39,174.99,172.76
5/21/2024,173.47,169.94,174.97,169.94
5/20/2024,169.92,169,170.16,168.38
5/17/2024,169.03,168.97,169.11,167.33
5/16/2024,168.97,168.26,169.63,167.79
5/15/2024,168.26,167.94,168.35,167.34
5/14/2024,167.36,167.86,168.13,166.48
5/13/2024,167.56,167.5,168.06,166.76
5/10/2024,167.15,167.13,168.07,166.32
5/9/2024,166.27,167.5,167.55,165.88
5/8/2024,169.9,168.01,170.26,167.9
5/7/2024,168.38,169,169.29,167.94
5/6/2024,168.61,166.5,168.67,166.38
5/3/2024,165.71,165,166.61,164.92
5/2/2024,164.69,164.35,164.88,162.62
5/1/2024,164.43,165.69,166.27,164.3
4/30/2024,166.2,166.49,166.76,165.26
4/29/2024,167.43,167.4,168.22,166.23
4/26/2024,167.13,167.5,167.87,165.73
4/25/2024,168.91,168.2,172.45,165.66
4/24/2024,184.1,183.17,184.29,181.4
4/23/2024,182.19,182.73,184.68,179
4/22/2024,181.9,182.45,183.32,180.45
4/19/2024,181.58,182.43,182.8,180.57
4/18/2024,181.47,182.35,183.46,180.17
4/17/2024,183.1,184.16,184.67,181.78
4/16/2024,183.75,185.59,185.71,182.86
4/15/2024,181.25,185.57,187.48,180.88
4/12/2024,182.27,184,185.17,181.69
4/11/2024,185.9,186.04,186.8,184.58
4/10/2024,186.04,187.42,187.92,185.52
4/9/2024,189.31,190.54,191.25,186.66
4/8/2024,189.82,189.24,190.24,188.91
4/5/2024,189.14,188.59,190.32,188.02
4/4/2024,187.94,192,193.28,187.34
4/3/2024,190.9,188.6,191.35,188.49
4/2/2024,188.88,189.14,189.8,187.6
4/1/2024,189.83,190,190.46,188.52
3/28/2024,190.96,190.94,191.93,190.34
3/27/2024,190.8,189.6,190.96,188.6
3/26/2024,188.5,189.02,190,188.5
3/25/2024,188.79,190.26,190.82,188.75
3/22/2024,190.84,192,192.99,190.51
3/21/2024,191.9,193,193.37,190.01
3/20/2024,193.96,192.87,193.98,191.31
3/19/2024,193.34,191.49,193.58,190.28
3/18/2024,191.69,191.7,193.23,190.32
3/15/2024,191.07,191.99,193.06,190.7
3/14/2024,193.43,196.95,197.75,192.12
3/13/2024,196.7,197.55,198.1,195.32
3/12/2024,197.78,192.46,199.18,192.15
3/11/2024,191.73,195.09,195.38,190.88
3/8/2024,195.95,196.06,197.77,194.38
3/7/2024,196.54,197.58,198.73,196.14
3/6/2024,196.16,193.5,198.13,192.96
3/5/2024,191.95,192,193.94,190.57
3/4/2024,193.06,187.76,193.9,187.6
3/1/2024,188.2,185.49,188.38,185.18
2/29/2024,185.03,186.15,186.85,184.69
2/28/2024,185.3,184.63,185.37,183.55
2/27/2024,184.87,184.16,185.13,182.62
2/26/2024,184.13,185.6,186.13,184.06
2/23/2024,185.72,184.9,186.46,184.57
2/22/2024,184.21,182.45,184.55,181.93
2/21/2024,179.7,182.56,183.03,178.75
2/20/2024,183.44,187.64,188.77,183.06
2/16/2024,187.64,186.63,188.95,185.95
2/15/2024,186.87,183.62,186.98,183.62
2/14/2024,183.57,185,185,182.26
2/13/2024,183.7,184.28,184.77,182.36
2/12/2024,186.16,185.9,186.48,184.03
2/9/2024,186.34,184.44,187.18,183.85
2/8/2024,184.36,182.63,184.55,181.49
2/7/2024,183.74,183.34,184.02,182.63
2/6/2024,183.41,183.55,184.68,183.04
2/5/2024,183.42,185.51,185.78,183.26
2/2/2024,185.79,187.1,187.39,185.62
2/1/2024,186.9,183.63,187.51,182.71
1/31/2024,183.66,187.05,187.65,183.14
1/30/2024,187.87,187.71,188.65,186.77
1/29/2024,187.14,187.46,189.46,186.05
1/26/2024,187.42,191.31,192.39,186.16
1/25/2024,190.43,184.96,196.9,184.83
1/24/2024,173.93,174.76,174.86,172.9
1/23/2024,173.94,172.9,174.02,172.48
1/22/2024,172.83,172.82,174.45,172.4
1/19/2024,171.48,170.59,171.58,169.18
1/18/2024,166.84,166.49,166.99,165.04
1/17/2024,166.08,166.79,167.82,165.5
1/16/2024,166.96,165.8,167.25,165.34
1/12/2024,165.8,162.97,165.98,162.36
1/11/2024,162.16,161.02,162.23,160.29
1/10/2024,161.23,160.28,161.34,159.74
1/9/2024,160.08,160,160.48,159.51
1/8/2024,161.14,158.69,161.22,157.89
1/5/2024,159.16,159.91,160.55,158.67
1/4/2024,160.86,160.22,161.81,160.17
1/3/2024,160.1,161,161.73,160.08
1/2/2024,161.5,162.83,163.29,160.46
12/29/2023,163.55,163.75,164.18,162.83
12/28/2023,163.75,163.96,163.96,163.4
12/27/2023,163.46,163.14,163.64,162.68
12/26/2023,163.21,162.23,163.31,162.05
12/22/2023,162.14,161.1,162.41,161
12/21/2023,160.78,160.59,161.08,159.53
12/20/2023,160.05,161.29,161.8,160.01
12/19/2023,161.56,161.8,162.28,161.32
12/18/2023,162.74,162.23,163.33,161.58
12/15/2023,162.23,162.3,164.09,162.04
12/14/2023,162.91,162.93,163.5,160.15
12/13/2023,163.62,164.37,164.97,162.74
12/12/2023,164.71,163.27,166.34,162.92
12/11/2023,163.51,162.68,163.65,161.95
12/8/2023,161.96,160,162.04,160
12/7/2023,160.22,161,161.47,159.97
12/6/2023,160.28,161.59,162.36,160.01
12/5/2023,161.39,160.76,162.47,160.72
12/4/2023,161.1,160.29,162.79,160.29
12/1/2023,160.55,158.41,160.59,158
11/30/2023,158.56,156.95,158.6,156.89
11/29/2023,156.41,156.15,157.51,156.02
11/28/2023,155.65,155.44,155.75,154.86
11/27/2023,155.57,154.99,156.14,154.75
11/24/2023,155.18,155.13,155.4,153.92
11/22/2023,155.13,154.5,155.71,154.16
11/21/2023,153.91,154.6,154.66,153.51
11/20/2023,154.35,152.51,154.68,152.35
11/17/2023,152.89,153.29,153.5,152.46
11/16/2023,153.06,153,153.35,152.13
11/15/2023,152.58,150.4,153.22,150.4
11/14/2023,150.41,149.45,150.81,149.05
11/13/2023,148.1,148.46,148.49,147.35
11/10/2023,149.02,147.44,149.17,146.85
11/9/2023,146.62,146.55,146.99,145.28
11/8/2023,148.03,149.25,149.68,147.59
11/7/2023,148.83,149.03,149.28,148.03
11/6/2023,148.97,147.89,149.23,147.85
11/3/2023,147.9,147.45,148.45,147.28
11/2/2023,147.01,145.77,147.1,144.84
11/1/2023,145.4,145,146.51,144.45
10/31/2023,144.64,143,144.76,142.59
10/30/2023,142.63,143.19,144.5,142.58
10/27/2023,142.52,143.62,144.7,141.71
10/26/2023,143.76,142.2,144.41,141.58
10/25/2023,137.08,137.5,138.49,136.33
10/24/2023,137.79,136.74,137.98,136.05
10/23/2023,136.38,136.63,137.68,135.87
10/20/2023,137.16,138.15,139.27,137.12
10/19/2023,138.01,138.64,139.41,137.93
10/18/2023,139.97,140,140.43,139.58
10/17/2023,140.32,137.12,140.62,136.31
10/16/2023,139.21,139.28,139.78,138.52
10/13/2023,138.46,139.77,140.12,138.27
10/12/2023,141.24,142.51,142.93,140.95
10/11/2023,143.23,142.51,143.34,142.14
10/10/2023,142.11,142.6,143.42,141.72
10/9/2023,142.2,142.3,142.4,140.68
10/6/2023,142.03,141.4,142.94,140.11
10/5/2023,141.52,140.9,141.7,140.19
10/4/2023,141.07,140.37,141.2,139.99
10/3/2023,140.39,140.87,141.64,140
10/2/2023,140.8,140.04,141.45,139.86
9/29/2023,140.3,142,142.13,139.61
9/28/2023,141.58,142.14,142.28,140.21
9/27/2023,143.17,143.67,143.82,141.76
9/26/2023,143.24,145.51,146.17,143.02
9/25/2023,146.48,146.57,147.43,146.25
9/22/2023,146.91,147.41,148.1,146.82
9/21/2023,147.38,149,149.25,147.31
9/20/2023,149.83,148.36,151.93,148.13
9/19/2023,146.52,145,146.72,144.66
9/18/2023,145.09,145.77,146.48,145.06
9/15/2023,145.99,147.11,147.85,145.53
9/14/2023,147.35,147.38,147.73,146.48
9/13/2023,146.55,145.95,146.98,145.92
9/12/2023,146.3,147.92,148,145.8
9/11/2023,148.38,148.57,148.78,147.58
9/8/2023,147.68,147.35,148.59,147.26
9/7/2023,147.52,148.13,148.78,147.4
9/6/2023,148.06,147.66,148.33,147.12
9/5/2023,148.13,147.91,149,147.57
9/1/2023,147.94,147.26,148.1,146.92
8/31/2023,146.83,146.94,147.73,146.54
8/30/2023,146.86,146.42,146.92,145.75
8/29/2023,146.45,146.3,146.73,145.62
8/28/2023,146.02,145.41,146.74,145.21
8/25/2023,145.35,144.18,145.47,143.5
8/24/2023,143.55,143.51,144.47,143.22
8/23/2023,143.41,141.72,143.48,141.58
8/22/2023,141.49,142.66,143.23,141.3
8/21/2023,142.28,141.42,142.39,141.11
8/18/2023,141.41,140,141.83,139.76
8/17/2023,140.66,141.01,142.66,140.6
8/16/2023,140.64,141.7,142.09,140.56
8/15/2023,141.87,141.5,142.31,141.2
8/14/2023,141.91,143.05,143.37,141.8
8/11/2023,143.12,143.12,143.45,142.21
8/10/2023,143.25,143.04,144.58,142.69
8/9/2023,142.49,144.94,144.94,142.3
8/8/2023,145.91,145.7,146.15,144.11
8/7/2023,146.18,145,146.5,144.93
8/4/2023,144.24,145.09,146.09,143.99
8/3/2023,144.45,143.78,145.22,143.31
8/2/2023,144.17,142.78,144.3,142.31
8/1/2023,143.33,144.25,144.48,142.17
7/31/2023,144.18,143.81,144.61,143.53
7/28/2023,143.45,143.44,143.95,142.85
7/27/2023,142.97,142.3,143.38,141.9
7/26/2023,141.07,140.44,141.25,139.88
7/25/2023,140.33,139.42,140.43,139.04
7/24/2023,139.54,139.35,140.12,138.78
7/21/2023,138.94,138.21,139.78,137.76
7/20/2023,138.38,137.19,140.32,136.56
7/19/2023,135.48,135.53,136.45,135.19
7/18/2023,135.36,134.71,135.95,134.29
7/17/2023,134.24,133.26,134.61,133.1
7/14/2023,133.4,133.91,133.92,132.94
7/13/2023,133.92,133.51,135.07,133.36
7/12/2023,132.84,135.07,135.33,132.58
7/11/2023,134.44,133.66,134.56,133.23
7/10/2023,132.9,131.76,133.05,131.7
7/7/2023,132.08,131.78,133.86,131.75
7/6/2023,132.16,133.24,133.9,131.55
7/5/2023,134.24,133.32,134.31,132.59
7/3/2023,133.67,133.42,134.35,132.87
6/30/2023,133.81,134.69,135.03,133.43
6/29/2023,134.06,131.75,134.35,131.69
6/28/2023,131.76,132.06,132.17,130.91
6/27/2023,132.34,131.3,132.95,130.83
6/26/2023,131.34,129.39,131.41,129.31
6/23/2023,129.43,130.4,130.62,129.18
6/22/2023,131.17,131.68,132.96,130.68
6/21/2023,133.69,135.11,135.39,133.29
6/20/2023,135.96,136.36,137.23,135.89
6/16/2023,137.48,139.23,139.47,137.47
6/15/2023,138.4,137.27,138.8,137.18
6/14/2023,137.2,137.8,138.93,136.94
6/13/2023,137.6,136.51,138.17,136
6/12/2023,136.42,136,136.62,135.82
6/9/2023,135.3,134.36,136.1,134.17
6/8/2023,134.41,134.69,135.98,134.01
6/7/2023,134.38,132.5,134.44,132.19
6/6/2023,132.69,132.43,132.94,131.88
6/5/2023,132.64,133.12,133.58,132.27
6/2/2023,132.42,130.38,133.12,130.15
6/1/2023,129.82,128.44,130.15,127.78
5/31/2023,128.59,128.51,129.44,127.46
5/30/2023,129.48,129.56,130.07,128.26
5/26/2023,128.89,127.06,129.66,126.81
5/25/2023,126.76,125.61,127.23,125.01
5/24/2023,125.68,127.82,127.9,125.47
5/23/2023,128.18,127.24,129.09,127.13
5/22/2023,127.5,127.5,128.19,127.15
5/19/2023,127.26,126.79,128.29,126.55
5/18/2023,126.15,125.3,126.51,125.19
5/17/2023,125.71,123.94,125.85,123.47
5/16/2023,123.46,123.35,123.86,122.45
5/15/2023,123.36,123,123.69,122.34
5/12/2023,122.84,121.41,122.86,121.11
5/11/2023,120.9,122.02,122.24,120.55
5/10/2023,122.02,121.99,122.49,121.1
5/9/2023,121.17,121.9,121.97,120.66
5/8/2023,123.4,123.76,123.92,122.55
5/5/2023,123.65,123.11,124.1,122.81
5/4/2023,122.57,123.03,123.52,121.76
5/3/2023,123.45,125.46,125.57,123.26
5/2/2023,125.16,126.3,126.45,123.27
5/1/2023,126.09,126.35,126.75,126.06
4/28/2023,126.41,126.58,127.25,125.64
4/27/2023,126.97,126.37,127.02,125.46
4/26/2023,125.85,125.81,126.55,125.12
4/25/2023,125.89,124.9,126.19,124.76
4/24/2023,125.4,125.55,126.05,124.56
4/21/2023,125.73,126,126.7,125.27
4/20/2023,126.36,130.15,130.98,125.84
4/19/2023,126.32,126.5,126.98,125.3
4/18/2023,127.78,128.14,128.68,127.35
4/17/2023,127.82,128.3,128.72,126.8
4/14/2023,128.14,128.46,129.84,127.31
4/13/2023,127.9,128.01,128.39,126
4/12/2023,128.54,130.4,130.89,128.17
4/11/2023,130.42,130.58,131.11,130.18
4/10/2023,131.03,129.83,131.08,129.24
4/6/2023,130.5,132.16,132.6,130.32
4/5/2023,132.14,131.37,132.61,131.37
4/4/2023,131.6,131.99,132.15,130.89
4/3/2023,132.06,130.97,132.61,130.77
3/31/2023,131.09,129.47,131.23,129.42
3/30/2023,129.22,130.16,131.48,129.1
3/29/2023,129.71,130.12,130.35,129.18
3/28/2023,129.34,129.18,129.66,128.8
3/27/2023,129.31,126.47,130.26,126.47
3/24/2023,125.29,123.36,125.4,122.88
3/23/2023,123.37,123.81,124.93,122.6
3/22/2023,124.05,127,127.22,124.01
3/21/2023,126.57,126.9,127.15,125.66
3/20/2023,125.94,124.31,126.16,124.19
3/17/2023,123.69,124.08,124.52,122.93
3/16/2023,124.7,122.96,124.82,121.92
3/15/2023,123.28,122.99,123.35,121.71
3/14/2023,124.65,126.49,126.64,123.2
3/13/2023,125.58,125.15,128.19,124.85
3/10/2023,125.45,126.12,127.29,125.13
3/9/2023,126.16,128.3,128.53,125.98
3/8/2023,128.05,128.48,128.74,127.55
3/7/2023,128.25,130.28,130.42,128.19
3/6/2023,130.19,129.64,130.86,129.59
3/3/2023,129.64,129.35,129.91,128.77
3/2/2023,128.93,128.39,129.22,127.71
3/1/2023,128.19,128.9,129.47,127.74
2/28/2023,129.3,130.55,130.61,129.14
2/27/2023,130.49,131.42,131.87,130.13
2/24/2023,130.57,129.62,130.67,129.22
2/23/2023,130.79,131.5,131.7,128.86
2/22/2023,130.97,131.9,131.99,130.29
2/21/2023,131.71,134,134.39,131.66
2/17/2023,135.02,134.5,135.58,133.89
2/16/2023,135,135.57,135.97,134.59
2/15/2023,136.4,135.2,136.45,135.07
2/14/2023,136.01,137.05,137.24,135.05
2/13/2023,137.35,136,137.39,135.85
2/10/2023,135.6,133.78,135.77,133.5
2/9/2023,133.75,134.99,135.73,133.34
2/8/2023,135.98,135.71,136.74,135.16
2/7/2023,135.84,135.67,136.4,134.45
2/6/2023,136.18,135.83,136.32,134.95
2/3/2023,136.94,136.35,136.95,135.53
2/2/2023,136.39,135.96,136.72,134.85
2/1/2023,135.09,134.49,135.79,132.8
1/31/2023,134.73,135.5,135.65,133.76
1/30/2023,135.3,134.32,136.11,133.98
1/27/2023,134.39,134.44,135.49,133.77
1/26/2023,134.45,137.53,138.27,132.98
1/25/2023,140.76,140.47,141.03,139.36
1/24/2023,141.49,141.25,142.75,140
1/23/2023,141.86,141.4,142.99,141.06
1/20/2023,141.2,141.67,141.86,140.51
1/19/2023,140.62,140,142.23,139.75
1/18/2023,140.41,144.4,144.68,140.23
1/17/2023,145.19,146.42,147.18,145.01
1/13/2023,145.89,144.06,146.1,144.01
1/12/2023,145.55,144.88,146.66,144.52
1/11/2023,145.26,145,145.53,143.45
1/10/2023,144.8,143.61,144.85,142.9
1/9/2023,143.55,144.08,145.47,143.4
1/6/2023,143.7,142.38,144.25,141.58
1/5/2023,141.11,142.44,142.5,140.01
1/4/2023,142.6,142.07,143.62,141.37
1/3/2023,141.55,141.1,141.9,140.48
12/30/2022,140.89,140.54,140.9,139.45
12/29/2022,141.06,140.58,142.26,140.45
12/28/2022,140.02,142.4,142.81,139.95
12/27/2022,142.42,141.73,142.72,141.23
12/23/2022,141.65,140.59,141.86,139.6
12/22/2022,140.88,140.95,141.44,138.62
12/21/2022,142.14,141.84,143.09,140.98
12/20/2022,141.28,138.84,141.43,138.34
12/19/2022,138.87,140.16,140.44,137.2
12/16/2022,140.16,141.25,141.92,138.97
12/15/2022,142.36,148.52,148.98,141.58
12/14/2022,149.86,150.47,151.91,148.45
12/13/2022,150.57,150.37,153.21,149.95
12/12/2022,149.21,147.82,149.21,146.94
12/9/2022,147.05,147.4,148.34,146.97
12/8/2022,147.78,147.9,149.15,147.37
12/7/2022,147.27,147.33,148.11,146.29
12/6/2022,147.5,147.3,147.8,146.7
12/5/2022,147.41,147.94,148.93,146.8
12/2/2022,148.67,148.13,149.16,147.73
12/1/2022,149.16,149.98,150.01,147.34
11/30/2022,148.9,146.19,149.64,145.67
11/29/2022,146.49,145.91,147.17,145.7
11/28/2022,146.18,147.98,148.24,145.94
11/25/2022,148.37,148.27,149.49,148.1
11/23/2022,148.75,149.1,150.46,148.3
11/22/2022,149.1,147.6,149.35,147.02
11/21/2022,146.68,147.55,147.93,146.45
11/18/2022,147.64,146.56,148.31,145.94
11/17/2022,146.09,143.41,146.18,143.25
11/16/2022,144.52,144.13,144.95,144.01
11/15/2022,144.34,144.08,146.16,142
11/14/2022,144.2,142.63,146.08,142.18
11/11/2022,143.17,141.5,144.13,140.96
11/10/2022,141.23,140.26,141.37,138.29
11/9/2022,137.39,137.95,138.9,136.94
11/8/2022,140.04,139,140.93,138.72
11/7/2022,138.34,136.64,138.7,136.51
11/4/2022,136.96,135.65,137.73,134.94
11/3/2022,134.47,136.42,136.48,133.97
11/2/2022,136.83,137.75,140.17,136.8
11/1/2022,138.2,138.25,138.65,136.7
10/31/2022,138.29,138.06,138.77,136.6
10/28/2022,138.51,135.56,138.86,135.22
10/27/2022,134.77,135.55,136.4,134.45
10/26/2022,135.01,133.72,135.86,132.81
10/25/2022,132.93,132,133.3,131.3
10/24/2022,132.69,130.9,133.11,129.85
10/21/2022,129.9,128.39,130.85,127.59
10/20/2022,128.3,126.25,128.96,125.15
10/19/2022,122.51,122.36,123.94,121.99
10/18/2022,122.94,123,123.94,121.82
10/17/2022,121.52,121.8,122.88,121.43
10/14/2022,120.04,121.8,122.54,119.84
10/13/2022,121.79,116.1,122.15,115.55
10/12/2022,117.57,118,118.81,117.2
10/11/2022,117.8,117.46,119.23,116.94
10/10/2022,117.75,119.79,119.96,117.04
10/7/2022,118.82,121.5,121.8,118.07
10/6/2022,122.23,124.88,125.3,121.77
10/5/2022,125.74,124.71,126.46,124.23
10/4/2022,125.5,122.8,125.65,122.52
10/3/2022,121.51,120.16,122.21,119.6
9/30/2022,118.81,121.66,122.43,118.61
9/29/2022,121.63,121.85,122.62,120.57
9/28/2022,122.76,121.65,123.23,119.81
9/27/2022,121.74,122.6,123.95,121.08
9/26/2022,122.01,122.3,124.26,121.75
9/23/2022,122.71,124.53,125,121.74
9/22/2022,125.31,124.76,126.51,124.41
9/21/2022,124.93,126.89,127.84,124.92
9/20/2022,126.3,126.9,126.99,125.52
9/19/2022,127.73,126.49,128.06,126.28
9/16/2022,127.27,124.36,127.53,123.83
9/15/2022,125.49,127.39,127.47,124.9
9/14/2022,127.69,127.5,129,126.85
9/13/2022,127.25,129.14,129.91,126.77
9/12/2022,130.66,130.33,130.99,129.89
9/9/2022,129.19,128.9,129.49,128.06
9/8/2022,128.47,127.2,128.54,126.59
9/7/2022,127.71,126.69,127.87,126.28
9/6/2022,126.72,127.8,128.06,126.3
9/2/2022,127.79,130.3,130.56,127.24
9/1/2022,129.66,128.4,129.82,127.74
8/31/2022,128.45,129.92,130,128.4
8/30/2022,129.58,130.56,130.77,129.29
8/29/2022,130.31,129.99,131.42,129.57
8/26/2022,130.38,134.1,134.18,130.34
8/25/2022,133.98,133.65,134.43,133.07
8/24/2022,133.23,134.89,135.11,133.11
8/23/2022,134.74,135.37,136.1,134.72
8/22/2022,135.55,137.65,137.85,135.47
8/19/2022,138.37,138.75,139.34,137.66
8/18/2022,139.07,137.79,139.12,137.75
8/17/2022,137.79,136.46,138.42,136.3
8/16/2022,136.56,134.6,137.37,134.45
8/15/2022,134.93,132.96,135.19,132.24
8/12/2022,134.01,132.62,134.09,131.98
8/11/2022,132.54,132.36,133.23,132
8/10/2022,131.5,130.75,131.78,130.34
8/9/2022,129.47,129.92,130.79,129.12
8/8/2022,132.61,133.1,133.35,132.02
8/5/2022,132.48,131.25,132.67,131.07
8/4/2022,131.64,132.15,132.29,131.02
8/3/2022,132.34,131.82,132.86,131.32
8/2/2022,131.81,132.2,132.78,130.51
8/1/2022,132.04,130.75,132.7,130.7
7/29/2022,130.79,129.52,131,129.31
7/28/2022,129.22,128.75,129.81,128.61
7/27/2022,129.12,127.97,129.43,127.58
7/26/2022,128.08,128.26,129.3,127.63
7/25/2022,128.54,128.44,129.13,127.9
7/22/2022,128.25,127.03,128.32,125.71
7/21/2022,127.15,128.75,128.81,125.13
7/20/2022,129.18,130.7,130.72,128.06
7/19/2022,130.88,131.58,132.56,127.72
7/18/2022,138.13,140.15,140.31,137.78
7/15/2022,139.92,140.68,140.68,138.61
7/14/2022,139.06,135.6,139.43,135.02
7/13/2022,137.18,137.18,138.9,136.8
7/12/2022,139.18,140.84,141.55,138.57
7/11/2022,141,140.62,141.87,140.13
7/8/2022,140.47,140.76,141.32,139.82
7/7/2022,140.83,138.91,141.33,138.83
7/6/2022,138.08,138,139.14,137.13
7/5/2022,137.62,139.97,139.97,135.27
7/1/2022,141.12,141,141.67,139.26
6/30/2022,141.19,139.58,142.46,139.28
6/29/2022,140.71,142.74,143.52,139.5
6/28/2022,141.86,142.92,144.16,141.32
6/27/2022,142.8,142.26,143.83,141.95
6/24/2022,142.06,139.2,142.37,139.13
6/23/2022,138.44,137.14,138.62,136.5
6/22/2022,137.08,136.1,138.18,136.03
6/21/2022,137.85,135.9,138.5,135.9
6/17/2022,135.02,135.99,136.98,132.85
6/16/2022,135.67,135.3,136.24,134.39
6/15/2022,137.06,136.01,138.45,135.58
6/14/2022,135.72,135,136.95,134.86
6/13/2022,135.11,133.97,137.57,133.76
6/10/2022,136.19,137.8,137.8,135.25
6/9/2022,137.96,140.15,141.04,137.93
6/8/2022,140.83,142.07,142.8,140.15
6/7/2022,142.78,142.6,142.98,140.96
6/6/2022,142.88,142.98,144.73,142
6/3/2022,141.18,140.26,142.58,139.74
6/2/2022,140.15,139.45,140.29,136.85
6/1/2022,139.43,139.67,140.47,138.52
5/31/2022,138.84,138.2,139.83,136.81
5/27/2022,139.27,137.39,139.74,137.24
5/26/2022,136.89,135,137.55,134.52
5/25/2022,134.39,132.86,134.82,132.86
5/24/2022,133.8,130.57,134.37,130.42
5/23/2022,131.17,129.5,131.95,129.42
5/20/2022,128.48,130.18,130.37,125.8
5/19/2022,129.66,132,132.32,128.71
5/18/2022,132.94,137.1,137.62,132.17
5/17/2022,138.37,137.19,138.37,135.64
5/16/2022,135.03,133.1,136.51,132.41
5/13/2022,133.6,133,133.8,131.05
5/12/2022,132.9,131.27,133.62,130.41
5/11/2022,130.75,129.86,132.96,129.86
5/10/2022,129.13,135,135.41,128.43
5/9/2022,134.44,134.41,136.35,133.32
5/6/2022,137.67,135.47,137.99,135.47
5/5/2022,135.92,136.46,137.26,134.76
5/4/2022,137.4,132.87,137.87,132.14
5/3/2022,132.52,133,133.6,131.99
5/2/2022,133.04,133,133.77,130.89
4/29/2022,132.21,135.13,135.55,132
4/28/2022,135.74,136.85,136.99,134.81
4/27/2022,135.06,135.78,137.12,134.63
4/26/2022,136.19,139,139.87,136.17
4/25/2022,139.1,137.59,139.65,135.19
4/22/2022,138.25,139.7,140.44,137.35
4/21/2022,139.85,138.23,141.88,137.35
4/20/2022,138.32,135,139.56,133.38
4/19/2022,129.15,126.08,129.4,126
4/18/2022,126.17,126.6,127.39,125.53
4/14/2022,126.56,128.93,130.58,126.38
4/13/2022,126.14,125.64,126.67,124.91
4/12/2022,125.98,126.42,127.34,125.58
4/11/2022,126.37,127.95,128.18,126.18
4/8/2022,127.73,128.01,128.78,127.27
4/7/2022,128.55,128.87,129.25,126.73
4/6/2022,129.39,127.78,129.52,127.25
4/5/2022,128.89,129.85,131.23,128.66
4/4/2022,130.27,130.26,130.45,128.93
4/1/2022,130.15,129.66,130.27,128.06
3/31/2022,130.02,130.72,131.88,130
3/30/2022,132.13,132.01,133.08,131.39
3/29/2022,131.94,132.04,132.84,130.43
3/28/2022,131.47,130.82,131.5,129.6
3/25/2022,131.35,129.5,131.4,129.31
3/24/2022,129.25,128.33,129.37,127.8
3/23/2022,128.3,129.08,129.32,128.25
3/22/2022,129.06,128.5,129.3,127.85
3/21/2022,128.1,129,129.74,127.4
3/18/2022,128.76,127.38,128.93,126.37
3/17/2022,127.96,127.1,128.29,126.53
3/16/2022,127.04,126.5,127.28,124.71
3/15/2022,125.64,124,125.94,123.22
3/14/2022,123.94,124.45,125.16,122.69
3/11/2022,123.96,125,126.77,123.91
3/10/2022,124.35,125.75,126.03,123.13
3/9/2022,126.22,127.41,128.1,125.91
3/8/2022,125.68,126.62,128.35,124.82
3/7/2022,126.07,126.47,127.91,125.62
3/4/2022,126.62,124.4,127.35,124.21
3/3/2022,125.93,124.96,126.67,124.24
3/2/2022,123.86,122.59,124.64,121.8
3/1/2022,121.35,122.67,123.39,120.7
2/28/2022,122.51,122.21,123.39,121.04
2/25/2022,124.18,122.05,124.26,121.45
2/24/2022,121.97,120,122.1,118.81
2/23/2022,122.07,124.38,124.7,121.87
2/22/2022,123.92,124.2,125,122.68
2/18/2022,124.35,124.94,125.44,123.61
2/17/2022,124.97,128.05,128.5,124.85
2/16/2022,129.18,129.45,130.44,128.26
2/15/2022,129.94,130.64,131.68,129.61
2/14/2022,130.15,132.59,132.65,129.07
2/11/2022,132.69,133.9,134.71,132.38
2/10/2022,133.52,135.47,136.56,133.17
2/9/2022,137.79,137.84,138.35,136.83
2/8/2022,137.02,137.23,137.52,135.78
2/7/2022,137.24,137.45,137.82,136.27
2/4/2022,137.15,137.86,138.82,136.22
2/3/2022,137.78,137,138.76,135.83
2/2/2022,137.25,135.7,137.56,135.26
2/1/2022,135.53,133.76,135.96,132.5
1/31/2022,133.57,134.09,134.09,132.3
1/28/2022,134.5,133.19,134.53,131.79
1/27/2022,132.52,133.66,134.75,132.08
1/26/2022,134.26,136.47,137.07,133.13
1/25/2022,136.1,129.14,137.34,128.3
1/24/2022,128.82,127.99,129.15,124.19
1/21/2022,129.35,131.65,131.87,129.27
1/20/2022,130.82,131.26,132.88,130.57
1/19/2022,131.58,132.9,133.9,131.5
1/18/2022,132.94,132.95,133.89,131.78
1/14/2022,134.21,134.55,135.14,133.3
1/13/2022,134.76,133.9,136.05,133.56
1/12/2022,133.59,133.25,134.47,131.37
1/11/2022,132.87,130.52,133.25,127.97
1/10/2022,135.03,134.47,136.2,133.38
1/7/2022,134.83,134.9,135.66,133.51
1/6/2022,135.34,138.2,138.41,132.51
1/5/2022,138.22,138.31,142.2,137.88
1/4/2022,138.02,136.1,139.95,135.9
1/3/2022,136.04,134.07,136.3,133.63
12/31/2021,133.66,134,134.99,133.61
12/30/2021,133.91,133.75,134.37,133.33
12/29/2021,133.35,132.4,134.21,132.3
12/28/2021,132.63,131.6,133.22,131.59
12/27/2021,131.62,130.63,131.65,129.95
12/23/2021,130.63,130,130.96,129.52
12/22/2021,129.75,129.06,129.79,127.6
12/21/2021,128.97,127.66,129.34,127.66
12/20/2021,127.06,125.72,127.2,124.7
12/17/2021,127.4,125.87,128.64,125.21
12/16/2021,125.93,123.51,126.64,123.48
12/15/2021,123.11,123.8,124.82,122.18
12/14/2021,123.76,122.35,125.03,122.3
12/13/2021,122.58,123.76,124.36,120.79
12/10/2021,124.09,124.3,125.33,123.36
12/9/2021,123.57,122.15,123.95,121.79
12/8/2021,123.02,122,123.38,121.52
12/7/2021,121.58,120.48,122.08,120.07
12/6/2021,119.91,119.4,121.15,119.4
12/3/2021,118.84,117.36,119.36,117.36
12/2/2021,116.9,117.37,117.98,116.56
12/1/2021,116.92,118.25,118.93,116.85
11/30/2021,117.1,117.5,119.24,116.45
11/29/2021,118.5,118.62,119.61,117.53
11/26/2021,115.81,115,116.34,114.56
11/24/2021,116.73,116.16,117.27,116.08
11/23/2021,116.79,116.79,117.94,116.04
11/22/2021,116.47,116,118.81,115.19
11/19/2021,116.05,116.49,116.56,115.27
11/18/2021,116.66,118.36,118.36,116.31
11/17/2021,118.06,118.38,119.33,117.78
11/16/2021,118.46,118.92,119.9,118.42
11/15/2021,118.87,119.54,120.16,118.31
11/12/2021,118.96,120,120.64,118.78
11/11/2021,120.27,120.9,121.79,120.08
11/10/2021,120.22,121,122.43,119.93
11/9/2021,120.85,122.56,122.9,120.26
11/8/2021,124.54,123.99,124.78,123.53
11/5/2021,123.61,121.43,123.77,121.43
11/4/2021,120.85,123.05,123.34,119.9
11/3/2021,123.05,122.18,123.2,121.65
11/2/2021,122.13,122.25,123.09,120.9
11/1/2021,122.23,121.04,122.26,119.86
10/29/2021,121.09,121.4,122.27,120.9
10/28/2021,121.8,121.15,122.26,120.62
10/27/2021,121.15,123.35,123.78,121
10/26/2021,123.05,123.43,124.18,122.69
10/25/2021,123.54,123.44,124.52,122.87
10/22/2021,123.78,123.94,126.07,122.55
10/21/2021,124.21,129.23,129.43,123.99
10/20/2021,137.35,137.13,137.64,136.18
10/19/2021,137.42,136.55,138.35,136.01
10/18/2021,137.75,139.38,140.29,137.21
10/15/2021,139.97,138.79,140.2,138.21
10/14/2021,138.79,136.51,139.3,136.48
10/13/2021,136.24,136.01,136.87,135.18
10/12/2021,135.96,137.65,137.73,135.8
10/11/2021,137.86,138.89,139.46,137.83
10/8/2021,138.62,137.26,139.04,136.52
10/7/2021,137.26,138.15,138.79,136.99
10/6/2021,137.79,137.91,138.77,136.37
10/5/2021,138.56,140.1,140.35,138.06
10/4/2021,139.49,138.16,141.31,137.78
10/1/2021,138.72,136.47,139.35,135.87
9/30/2021,134.47,135.51,136.06,134.06
9/29/2021,134.71,133.31,135.44,132.06
9/28/2021,133.06,134.7,135.21,132.81
9/27/2021,134.11,133.53,134.6,133.07
9/24/2021,133.08,132.63,134.04,132.36
9/23/2021,132.34,130.91,133.01,130.7
9/22/2021,130.31,129.43,131.03,129.19
9/21/2021,128.7,130.77,131.3,128.67
9/20/2021,130,129.6,130.84,128.52
9/17/2021,130.89,131.39,131.56,130.72
9/16/2021,132.05,132.87,133.52,131.35
9/15/2021,132.8,131.85,133.38,131.32
9/14/2021,131.85,133.96,134.12,131
9/13/2021,133.72,133.96,134.53,133.1
9/10/2021,132.62,134.36,134.9,132.6
9/9/2021,133.32,133.43,134.5,133.14
9/8/2021,134.22,133.71,134.63,133.18
9/7/2021,133.63,135.17,135.3,133.34
9/3/2021,135.1,135.2,135.96,134.83
9/2/2021,135.52,135.24,135.56,134.57
9/1/2021,134.83,135.49,135.57,134.72
8/31/2021,135.84,135.06,136.42,134.49
8/30/2021,134.51,135.02,135.39,134.36
8/27/2021,134.94,134.26,135.11,133.96
8/26/2021,134.33,135.48,136.28,134.26
8/25/2021,135.37,135.43,136.28,134.98
8/24/2021,135.35,135.29,135.73,134.85
8/23/2021,135.14,135.14,135.65,134.35
8/20/2021,134.65,133.32,134.91,132.86
8/19/2021,133.59,134.24,134.97,132.81
8/18/2021,134.99,137.12,137.36,134.92
8/17/2021,137.85,138.41,138.57,136.56
8/16/2021,138.98,138.63,139.13,137.67
8/13/2021,138.58,138.06,138.97,137.87
8/12/2021,138.48,137.69,138.56,137.52
8/11/2021,137.57,137.23,138.19,136.96
8/10/2021,136.84,136.68,137.26,135.84
8/9/2021,136.72,137.64,137.92,136.45
8/6/2021,139.47,138.41,139.76,138.3
8/5/2021,138.19,138.44,138.81,137.66
8/4/2021,138.18,139.19,139.55,137.9
8/3/2021,139.45,137.35,140.06,137.1
8/2/2021,136.88,136.91,138.47,136.5
7/30/2021,136.44,136.98,137.3,136.27
7/29/2021,137.38,137.76,138.37,137.06
7/28/2021,137.22,138.42,138.51,137.09
7/27/2021,138.17,137.96,139.03,137.06
7/26/2021,138.19,136.85,138.41,136.6
7/23/2021,136.8,136.44,137.15,135.83
7/22/2021,136.19,137.11,137.26,135.9
7/21/2021,136.77,135.48,136.85,135.17
7/20/2021,135.48,138.41,140.27,134.25
7/19/2021,133.49,132.07,134.05,131.84
7/16/2021,134.44,136.47,136.47,134.14
7/15/2021,135.94,134.85,135.95,134.35
7/14/2021,135.33,136.2,136.23,134.47
7/13/2021,135.78,136.4,136.4,135.15
7/12/2021,136.4,136.89,137.4,135.62
7/9/2021,136.98,136.91,137.42,136.32
7/8/2021,136.22,133.36,136.77,133.24
7/7/2021,135.33,134.31,135.83,134.31
7/6/2021,134.33,135.5,135.91,132.7
7/2/2021,135.53,142.2,142.23,134.98
7/1/2021,142.13,142.24,142.77,141.87
6/30/2021,141.89,140.47,142.21,140.07
6/29/2021,140.88,140.6,142.03,140.44
6/28/2021,140.63,142.29,142.57,140.26
6/25/2021,142.13,140.71,142.21,140.29
6/24/2021,140.77,141.12,141.5,140.05
6/23/2021,139.97,141.73,141.8,139.93
6/22/2021,141.66,141.82,142.1,140.69
6/21/2021,141.94,139.49,142.35,139.44
6/18/2021,138.53,139.84,140.04,138.45
6/17/2021,140.93,142.81,143.31,140.62
6/16/2021,143.09,144.95,144.95,142.5
6/15/2021,144.57,145.04,145.1,143.83
6/14/2021,145.22,145.87,146.18,143.88
6/11/2021,146.43,145.6,146.97,145.54
6/10/2021,145.71,146.61,147.93,144.95
6/9/2021,145.83,144.25,146.22,144.04
6/8/2021,144.29,143.37,145.38,143.37
6/7/2021,143.27,142.81,143.97,142.45
6/4/2021,142.69,141.31,142.81,141.08
6/3/2021,140.88,140.26,141.2,139.42
6/2/2021,141.04,139.98,141.07,139.49
6/1/2021,139.56,140.35,141.15,139.14
5/28/2021,139.13,139.58,139.7,138.88
5/27/2021,139.2,139.2,140.12,139.02
5/26/2021,138.78,138.89,139.37,138.45
5/25/2021,139.18,140.27,140.35,138.6
5/24/2021,140.08,140.4,140.72,139.55
5/21/2021,140.09,139.65,141.02,139.65
5/20/2021,139.26,138.53,140.26,137.6
5/19/2021,138.59,137.75,138.6,136.4
5/18/2021,139.29,140.13,140.64,138.63
5/17/2021,140.45,139.8,141.12,139.7
5/14/2021,140.04,140.45,141.01,139.34
5/13/2021,139.54,136.91,140.25,136.75
5/12/2021,136.77,139.22,139.52,136.61
5/11/2021,139.59,140.34,140.53,138.31
5/10/2021,141.48,141.12,143.62,141.12
5/7/2021,140.79,141.24,141.45,139.93
5/6/2021,143.66,140.6,143.75,140.52
5/5/2021,140.56,141.26,141.31,139.73
5/4/2021,141.07,139.78,141.89,139.7
5/3/2021,140.1,139.19,141.07,138.94
4/30/2021,137.33,139.09,139.21,136.04
4/29/2021,139.61,139.5,143.97,138.39
4/28/2021,138.41,138.33,138.8,137.54
4/27/2021,137.45,137.14,137.98,136.23
4/26/2021,137.03,137.85,139.02,136.94
4/23/2021,137.86,136.77,139,136.43
4/22/2021,136.75,139.09,140.09,136.47
4/21/2021,138.94,133.63,139.12,133.29
4/20/2021,133.73,132.67,135.28,132.31
4/19/2021,128.85,129.31,129.52,128.33
4/16/2021,129.3,128.73,129.8,128.68
4/15/2021,128.33,129,129.57,127.98
4/14/2021,128.37,127.09,128.52,126.33
4/13/2021,126.97,128.73,129.33,126.2
4/12/2021,130.27,130.69,131.03,129.55
4/9/2021,131.37,130.54,131.38,130.39
4/8/2021,130.78,130.25,131.28,129.85
4/7/2021,130.6,129.54,130.61,129.49
4/6/2021,129.91,131.23,131.29,129.79
4/5/2021,131.57,129.35,132.3,129.12
4/1/2021,128.95,129.47,129.63,128.03
3/31/2021,128.98,130.22,130.39,128.45
3/30/2021,130.4,131.5,131.9,129.72
3/29/2021,131.5,131.62,132.67,131.16
3/26/2021,132,129.01,132.1,128.85
3/25/2021,128.8,126.15,128.96,125.61
3/24/2021,126.43,126.75,127.87,126.38
3/23/2021,126.27,126.25,127.34,125.63
3/22/2021,126.36,124.38,126.52,123.79
3/19/2021,124.76,125.85,126.25,124.41
3/18/2021,125.89,124.8,126.79,123.69
3/17/2021,124.89,124.34,125.33,123.4
3/16/2021,124.12,124.16,124.4,123.25
3/15/2021,124.45,123.67,124.62,123.45
3/12/2021,123.51,123.11,123.58,122.55
3/11/2021,123.06,123.98,124.51,122.71
3/10/2021,123.77,121.04,124.12,120.61
3/9/2021,120.19,121.38,122.37,120.18
3/8/2021,120.8,119.04,122.78,118.94
3/5/2021,118.89,116.77,119.78,116.39
3/4/2021,116.26,118.08,119.27,114.94
3/3/2021,118.43,116.63,118.7,116.13
3/2/2021,116.47,116.87,117.99,116.4
3/1/2021,116.87,116.49,118.39,116.02
2/26/2021,115.11,118.33,118.33,115.06
2/25/2021,118.54,119.41,120.36,118.41
2/24/2021,119.26,116.92,119.53,116.65
2/23/2021,116.84,117.04,117.46,115.96
2/22/2021,116.98,114.7,117.24,114.64
2/19/2021,115.17,116.87,116.88,114.58
2/18/2021,116.86,116.63,117.06,115.86
2/17/2021,116.12,115.44,116.69,115.2
2/16/2021,116.22,116.29,116.73,115.53
2/12/2021,116.92,117.12,117.47,116.24
2/11/2021,117.03,118.08,118.28,116.76
2/10/2021,118.32,119.08,119.45,117.32
2/9/2021,118.18,117.99,118.66,117.17
2/8/2021,119.64,118.68,120,118.47
2/5/2021,117.88,117.12,117.9,116.65
2/4/2021,117.14,116.06,117.21,115.06
2/3/2021,115.3,115.22,115.96,114.33
2/2/2021,115.61,115.53,117.12,115.45
2/1/2021,116.67,116.05,117.07,114.92
1/29/2021,115.29,116.36,117.41,115.08
1/28/2021,116.23,118.86,119.25,116.22
1/27/2021,118.54,118.16,120.79,117.72
1/26/2021,118.56,115.36,118.66,114.62
1/25/2021,114.77,114.95,115.7,113.68
1/22/2021,114.8,116.83,116.83,113.59
1/21/2021,127.42,125.94,128,125.88
1/20/2021,125.91,125.54,126.85,124.43
1/19/2021,124.88,125.13,125.43,123.98
1/15/2021,124.27,124.16,125.09,123.57
1/14/2021,124.83,123.91,125.98,123.46
1/13/2021,122.85,125.01,125.59,122.4
1/12/2021,125.06,124.95,125.68,123.83
1/11/2021,124.45,123.84,125.51,123.56
1/8/2021,124.41,124.44,125.17,122.9
1/7/2021,124.85,125.87,126.27,124.14
1/6/2021,125.14,122.83,127.65,122.65
1/5/2021,122.09,121,122.61,120.61
1/4/2021,119.96,121.81,121.88,119.09
12/31/2020,121.84,120.23,121.99,120.01
12/30/2020,120.35,119.83,120.84,119.66
12/29/2020,119.83,121.33,121.45,119.28
12/28/2020,120.81,121.09,122.54,120.47
12/24/2020,120.69,120.99,121.09,120.22
12/23/2020,119.92,119.9,121.19,119.77
12/22/2020,119.64,119.35,120.23,118.48
12/21/2020,119.43,119.99,120.19,117.81
12/18/2020,121.81,121.56,122.34,120.96
12/17/2020,121.52,122.03,122.04,120.9
12/16/2020,121.52,121.89,122.51,121.27
12/15/2020,121.89,120.4,121.89,119.48
12/14/2020,119.57,121.3,122.19,119.51
12/11/2020,120.28,120.1,121.48,119.64
12/10/2020,120.95,122.3,122.86,120.93
12/9/2020,122.72,121.76,123.59,121.67
12/8/2020,121.68,121.3,122.28,120.64
12/7/2020,120.7,122.43,122.9,120.57
12/4/2020,123.12,119.99,123.29,119.67
12/3/2020,119.64,120.18,120.85,119.33
12/2/2020,120.62,118.91,120.64,118.48
12/1/2020,119.21,119.92,121.79,119.13
11/30/2020,119.56,120.12,120.99,119.14
11/27/2020,120.36,120.21,121.29,119.93
11/25/2020,120.21,118.98,120.34,118.19
11/24/2020,120.43,116.98,120.73,116.93
11/23/2020,116.24,113.66,116.65,113.51
11/20/2020,113.19,113.83,114.25,112.95
11/19/2020,113.42,112.8,113.68,112.17
11/18/2020,113.02,113.94,115.06,113
11/17/2020,113.92,113.83,114.74,113.31
11/16/2020,114.56,114.5,114.75,113.36
11/13/2020,113.1,111.49,113.6,111.32
11/12/2020,110.83,111.92,112.64,109.84
11/11/2020,113.44,114.33,114.55,112.49
11/10/2020,114.13,112.95,114.38,112.52
11/9/2020,111.82,114.1,115.9,111.57
11/6/2020,110.38,111.39,111.41,109.75
11/5/2020,111.09,109.66,111.59,109.38
11/4/2020,108.31,108.73,110.25,107.59
11/3/2020,110.5,110.34,111.94,109.98
11/2/2020,109.29,109.03,110.17,108.65
10/30/2020,108.08,104.44,108.21,104.29
10/29/2020,105.41,103.81,106.12,103.13
10/28/2020,103.23,105.17,106.21,102.52
10/27/2020,107.01,108.55,108.62,106.5
10/26/2020,108.62,110.78,111.21,108.25
10/23/2020,112.28,112.76,112.88,111.82
10/22/2020,112.04,111.31,112.34,109.35
10/21/2020,111.37,112.92,113.91,111.11
10/20/2020,113.6,115.96,116.29,113.09
10/19/2020,121.49,122.73,123.26,121.07
10/16/2020,121.89,121.15,122.37,120.65
10/15/2020,120.88,120.1,121.2,119.88
10/14/2020,121.9,121.11,122.87,121.11
10/13/2020,121.09,122.51,123.07,120.47
10/12/2020,123.13,123.96,124.13,122.38
10/9/2020,123.69,127.76,127.76,123.5
10/8/2020,127.27,126.66,131.15,125.61
10/7/2020,120.09,118.73,120.4,118.39
10/6/2020,118.06,118.65,120.82,117.69
10/5/2020,118.09,117.93,118.81,117.17
10/2/2020,116.7,115.22,117.84,115.01
10/1/2020,117.2,118.43,119.34,116.49
9/30/2020,117.77,117.48,118.97,116.92
9/29/2020,117.06,117.51,118.26,116.35
9/28/2020,117.82,116.7,118.4,116.55
9/25/2020,115.13,113.83,115.58,113.19
9/24/2020,114.3,114.31,115.68,112.74
9/23/2020,115.02,116.92,117.69,114.63
9/22/2020,116.64,116.47,117.55,115.69
9/21/2020,116.39,116.61,116.83,114.77
9/18/2020,118.82,120.27,120.91,118.71
9/17/2020,120.91,118.68,121.52,118.06
9/16/2020,120.23,118.77,121.78,118.77
9/15/2020,118.51,118.88,119.44,118.32
9/14/2020,118.17,118.43,119.42,117.85
9/11/2020,117.56,117.49,118.76,116.86
9/10/2020,116.69,118.6,119.61,116.38
9/9/2020,118.34,118.21,119.73,117.4
9/8/2020,117.32,118.24,118.93,116.84
9/4/2020,118.38,120.36,121.33,117.35
9/3/2020,120.46,124.08,125.78,119.68
9/2/2020,124.07,119.75,124.57,119.61
9/1/2020,119.44,118.91,119.97,118.23
8/31/2020,119.35,121.23,121.23,119.08
8/28/2020,121.06,120.95,121.28,120.23
8/27/2020,120.65,120.6,121.09,120
8/26/2020,120.19,120.94,121.1,119.97
8/25/2020,120.64,121.96,122.75,120.49
8/24/2020,121.65,119.82,122.01,119.4
8/21/2020,119.21,119.06,119.52,118.38
8/20/2020,119.2,119.25,120.06,118.87
8/19/2020,119.87,120.82,121.47,119.54
8/18/2020,120.91,120.99,121.47,120.25
8/17/2020,120.45,121.23,121.56,120.42
8/14/2020,121.25,120.21,121.53,119.93
8/13/2020,121.02,121.92,122.33,120.77
8/12/2020,122.63,123.51,123.69,121.84
8/11/2020,122.68,124.63,126.28,122.55
8/10/2020,123.03,121.39,123.16,121.17
8/7/2020,120.95,119.54,121.06,119.26
8/6/2020,122.07,120.99,122.21,120.99
8/5/2020,121.42,122.66,122.68,120.61
8/4/2020,121.8,119.85,121.82,119.85
8/3/2020,120.32,119.54,120.42,118.23
7/31/2020,118.99,118.77,119.04,117.2
7/30/2020,118.96,119.74,119.93,117.74
7/29/2020,121.3,120.56,121.95,120.09
7/28/2020,120.48,121.78,122.29,120.17
7/27/2020,122.16,120.85,122.27,120.71
7/24/2020,121.75,122.42,123.55,121.47
7/23/2020,123.24,124.96,125.22,123.07
7/22/2020,124.54,121.86,125.31,121.76
7/21/2020,122.01,126.95,127.93,121.76
7/20/2020,122.31,122.02,122.99,121.12
7/17/2020,121.09,120.4,121.6,119.25
7/16/2020,120.03,118.74,120.49,118.24
7/15/2020,119.05,118.47,119.98,118.23
7/14/2020,116.73,114.81,117.01,114.14
7/13/2020,115.37,115.94,117.11,114.85
7/10/2020,114.55,111.79,114.76,111.59
7/9/2020,112,114.21,114.21,111.5
7/8/2020,113.93,114.27,114.83,112.74
7/7/2020,113.81,115.18,115.67,113.56
7/6/2020,116.33,117.36,117.94,115.63
7/2/2020,115.86,115.85,117.52,115.43
7/1/2020,114.74,116.41,117.33,114.57
6/30/2020,116.89,115.36,117.31,115.18
6/29/2020,115.91,114.19,115.94,113.6
6/26/2020,113.43,114.46,115.17,112.53
6/25/2020,115.21,113.01,115.38,112.37
6/24/2020,112.68,114.52,114.52,112.16
6/23/2020,115.58,118.09,118.96,115.4
6/22/2020,117.18,118.2,118.57,116.66
6/19/2020,118.54,122.12,122.75,118.33
6/18/2020,120.18,119.05,120.41,118.4
6/17/2020,120.17,121.79,122.2,119.44
6/16/2020,121.13,120.99,123.41,119.21
6/15/2020,117.75,115.36,118.44,114.49
6/12/2020,118,117.36,119.17,115.45
6/11/2020,114.22,121.99,122.05,114.05
6/10/2020,125.7,127.91,127.99,125.63
6/9/2020,127.64,129.23,129.31,126.82
6/8/2020,131.39,128.03,131.52,128.03
6/5/2020,127.82,129.59,129.92,127.52
6/4/2020,124.75,123.68,124.81,122.94
6/3/2020,124.91,123.07,125.44,122.92
6/2/2020,121.96,121.64,121.96,120.66
6/1/2020,120.88,120.64,121.71,120.05
5/29/2020,120.89,119.7,121.11,118.32
5/28/2020,120.53,122.8,122.9,120.23
5/27/2020,121.51,119.96,121.79,119.51
5/26/2020,117.85,117.41,118.68,117.13
5/22/2020,114.59,115.54,115.63,113.82
5/21/2020,115.3,117.11,117.81,115.15
5/20/2020,117.48,117.05,118.54,116.73
5/19/2020,116.43,117.3,118.25,116.28
5/18/2020,117.66,116.03,118.43,115.91
5/15/2020,113.23,112.21,113.62,111.55
5/14/2020,113.2,110.89,113.33,108.22
5/13/2020,112.02,116.1,116.14,111.16
5/12/2020,116.4,119.06,120.33,116.4
5/11/2020,118.66,117.9,119.49,116.8
5/8/2020,119.04,118.73,119.28,117.17
5/7/2020,117.34,119.03,119.3,116.97
5/6/2020,119.22,119.28,120.07,118.48
5/5/2020,118.65,119.43,120.33,118.54
5/4/2020,117.77,116.94,118.06,115.56
5/1/2020,117.96,119.24,119.51,117.49
4/30/2020,121.53,122.46,123.19,121.2
4/29/2020,124.56,124.74,125.16,123.44
4/28/2020,122.22,123.92,124.09,121.36
4/27/2020,121.88,121.53,122.91,121.44
4/24/2020,120.72,118.48,120.99,116.89
4/23/2020,117.46,115.73,119.08,115.3
4/22/2020,115.48,116.02,116.47,113.78
4/21/2020,113.01,110.34,113.39,108.46
4/20/2020,116.55,115.33,118.92,114.35
4/17/2020,116.27,115.47,116.53,114.14
4/16/2020,112.02,115.19,115.91,110.75
4/15/2020,114.88,115.3,116.33,113.01
4/14/2020,119.93,119.5,121.16,118.68
4/13/2020,117.26,117.73,117.89,114.25
4/9/2020,117.6,116.61,118.98,116.31
4/8/2020,115.46,112.58,116.11,111.38
4/7/2020,111.25,114.99,115.73,111.18
4/6/2020,111.14,106.81,111.92,106.6
4/3/2020,102.93,105.42,106.54,101.55
4/2/2020,106.47,101.99,106.78,101.77
4/1/2020,101.77,102.95,106.39,101.17
3/31/2020,107.37,108.41,110.16,106.63
3/30/2020,109.31,104.62,109.82,104.35
3/27/2020,104.56,105.1,107.92,104.19
3/26/2020,109.27,103.48,109.52,102.18
3/25/2020,102.45,102.09,108.87,99.53
3/24/2020,102.09,96.78,102.64,96.07
3/23/2020,91.73,91.56,94.6,87.65
3/20/2020,92.33,97.68,97.75,91.67
3/19/2020,97.12,99.05,100.36,95.08
3/18/2020,100.23,96.22,103.5,96.21
3/17/2020,103.23,97.38,103.95,93.98
3/16/2020,95.9,94.85,103.96,91.95
3/13/2020,104.49,105.19,105.66,97.57
3/12/2020,99.51,106.13,106.28,99
3/11/2020,114.18,117.13,118.65,112.65
3/10/2020,120.77,118.84,120.87,112.04
3/9/2020,114.03,116.3,118.48,113.52
3/6/2020,123.63,122.63,124.21,120.52
3/5/2020,125.39,126.31,128.04,124.33
3/4/2020,129.91,127.36,129.97,124.86
3/3/2020,124.76,130.16,131.73,123.7
3/2/2020,129.99,126.55,130.13,123.84
2/28/2020,125.97,125.81,126.88,122.3
2/27/2020,128.84,132.84,134.24,128.74
2/26/2020,135.27,138.31,139.44,135.12
2/25/2020,137.16,141.81,142.35,136.73
2/24/2020,141.73,140.84,143.3,140.71
2/21/2020,145.03,146.19,146.19,144.06
2/20/2020,146.37,145.97,146.75,144.71
2/19/2020,146.02,146.68,147.02,145.49
2/18/2020,146.25,144.98,146.52,144.84
2/14/2020,145.86,149.46,149.6,144.96
2/13/2020,149.36,149.42,149.86,148.49
2/12/2020,150.33,148.82,150.61,148.59
2/11/2020,148.55,150.14,150.24,147.83
2/10/2020,149.47,148.06,149.48,146.72
2/7/2020,148.49,149.59,150.55,148.01
2/6/2020,151.73,151.79,153.66,150.43
2/5/2020,151.31,145.39,152.39,145.33
2/4/2020,144.32,143.04,144.59,142.17
2/3/2020,141.58,139.62,142.55,139.28
1/31/2020,139.12,138.31,139.43,136.27
1/30/2020,132.38,132.37,132.57,130.64
1/29/2020,133.27,134.7,135.1,133.18
1/28/2020,135.07,135.02,135.96,134.3
1/27/2020,134.17,134.06,135.57,133.67
1/24/2020,136.05,138.79,139.3,135.95
1/23/2020,138.28,139.57,139.78,137.59
1/22/2020,139.27,138.72,141.11,137.98
1/21/2020,134.7,133.39,134.88,133.18
1/17/2020,133.87,132.16,133.89,131.79
1/16/2020,133.55,132.91,133.76,132.61
1/15/2020,132.24,131.64,133.62,131.35
1/14/2020,131.46,131.91,132.74,131.2
1/13/2020,132.22,131.13,132.25,130.74
1/10/2020,132.3,132.6,133.45,131.94
1/9/2020,132.35,131.38,132.4,130.97
1/8/2020,130.97,130.19,131.5,129.62
1/7/2020,129.88,129.4,130.63,129.12
1/6/2020,129.8,129.14,129.93,128.93
1/3/2020,130.03,129.28,130.53,129.27
1/2/2020,131.07,130.67,131.56,130.44
12/31/2019,129.74,128.28,129.82,128.15
12/30/2019,128.55,130.86,130.96,128.25
12/27/2019,130.93,130.67,131.39,130.54
12/26/2019,130.58,130.65,130.96,130.33
12/24/2019,130.65,131.26,131.27,130.29
12/23/2019,131.2,131.42,131.78,130.67
12/20/2019,131.24,131.38,132.04,130.62
12/19/2019,130.24,130.14,130.4,129.88
12/18/2019,130.1,130.23,130.67,129.85
12/17/2019,129.91,129.97,130.37,129.18
12/16/2019,129.83,130.61,131.1,129.55
12/13/2019,129.9,130.43,131.15,129.71
12/12/2019,130.98,129.41,131.31,129.37
12/11/2019,129.47,129.81,130.19,129.38
12/10/2019,129.61,129.62,130.51,129.27
12/9/2019,129.62,129.07,130.27,128.98
12/6/2019,128.94,128.49,129.59,128.44
12/5/2019,127.68,128.72,128.96,127.4
12/4/2019,127.75,128.6,129.39,127.73
12/3/2019,127.88,127.76,128.19,126.49
12/2/2019,128.64,130.14,130.18,128.23
11/29/2019,130.14,129.31,130.2,128.76
11/27/2019,129.48,131.01,131.35,129.33
11/26/2019,130.75,131.78,131.78,130.44
11/25/2019,131.61,130.15,131.64,130.04
11/22/2019,130.03,129.88,130.33,129.3
11/21/2019,129.54,129.12,129.86,128.71
11/20/2019,128.93,129.76,130.15,128.49
11/19/2019,130.2,130.55,131.04,130.14
11/18/2019,130,129.99,130.16,128.95
11/15/2019,130.09,130.08,130.78,129.73
11/14/2019,129.7,129.83,130.02,129.05
11/13/2019,130.16,131.04,131.23,129.55
11/12/2019,131.24,131.51,132.27,130.69
11/11/2019,131.12,132.8,132.8,130.67
11/8/2019,133.19,133.16,133.19,131.79
11/7/2019,133.27,133.45,134.67,133.16
11/6/2019,134.33,133.57,134.33,133.14
11/5/2019,133.46,133.38,134.31,133.21
11/4/2019,133.25,131.87,133.32,131.86
11/1/2019,131.18,130.18,131.21,129.79
10/31/2019,129.44,130.77,130.91,128.95
10/30/2019,130.91,129.54,130.94,128.93
10/29/2019,129.53,131.07,131.22,129.16
10/28/2019,131.61,131.64,132.25,131.1
10/25/2019,131.09,129.82,131.57,129.8
10/24/2019,129.77,130.5,130.74,129.02
10/23/2019,130.07,129.23,130.25,128.44
10/22/2019,129.66,128.3,129.75,127.39
10/21/2019,128.33,128.35,128.83,126.7
10/18/2019,129.79,129.91,130.17,128.01
10/17/2019,129.95,130.67,131.64,128.64
10/16/2019,137.55,137.92,138.36,136.85
10/15/2019,138.41,137.97,139.11,137.26
10/14/2019,137.48,137.74,137.86,136.78
10/11/2019,138.18,138.19,139.86,138.03
10/10/2019,136.6,135.28,137.23,135.08
10/9/2019,135.19,135.28,135.83,134.34
10/8/2019,133.94,135.74,135.97,133.81
10/7/2019,136.75,137.69,138.12,136.69
10/4/2019,138.4,137.5,138.47,136.5
10/3/2019,137.46,137.08,137.51,134.71
10/2/2019,137.14,137.63,137.7,136.06
10/1/2019,139.05,140.92,142.62,138.93
9/30/2019,140.75,139.12,141.87,139.12
9/27/2019,138.64,139.78,140.43,137.81
9/26/2019,138.94,138.58,139.26,136.87
9/25/2019,138.57,137.19,139.02,136.34
9/24/2019,137.13,137.93,138.3,136.54
9/23/2019,137.51,136.66,137.66,136.05
9/20/2019,137.33,138.65,139.21,137.27
9/19/2019,138.38,137.89,140.38,137.88
9/18/2019,137.66,137.49,137.73,136
9/17/2019,137.64,137.91,137.91,136.15
9/16/2019,137.91,137.98,139.03,137.7
9/13/2019,139.06,139.69,140.01,138.66
9/12/2019,139.01,139.41,139.42,137.33
9/11/2019,138.99,140.2,140.46,138.13
9/10/2019,140.39,138.41,140.79,138.37
9/9/2019,138.02,136.08,138.43,135.95
9/6/2019,136.06,136.98,136.98,135.95
9/5/2019,136.45,133.86,137.15,133.62
9/4/2019,131.95,131.35,132.05,130.81
9/3/2019,129.8,130.52,130.57,129.05
8/30/2019,131.18,131.23,131.7,130.05
8/29/2019,130.55,129.87,131.34,129.74
8/28/2019,128.5,126.25,128.63,125.87
8/27/2019,126.96,126.99,127.47,126.13
8/26/2019,125.82,126.84,127.09,125.01
8/23/2019,125.41,129.34,129.95,124.7
8/22/2019,130.01,130.37,131.33,129.52
8/21/2019,129.94,130.63,131.58,129.51
8/20/2019,128.73,130.9,130.94,128.55
8/19/2019,130.71,130.55,131.95,130.55
8/16/2019,129.47,128.77,130.27,128.69
8/15/2019,127.69,127.01,128.12,126.07
8/14/2019,127.04,129.61,129.85,126.78
8/13/2019,131.43,129.51,132.19,128.54
8/12/2019,129.38,131.31,131.51,128.91
8/9/2019,131.76,134.8,134.84,131.01
8/8/2019,135.6,134.01,135.91,133.34
8/7/2019,134.65,134.29,135.1,132.03
8/6/2019,136.21,137.47,137.9,134.84
8/5/2019,136.24,140.33,140.44,134.68
8/2/2019,142.52,144.25,148.04,140.92
8/1/2019,145.5,144.12,147.92,143.73
7/31/2019,143.48,144.9,145.36,141.69
7/30/2019,144.96,145.19,145.57,144.43
7/29/2019,146.04,146.26,146.62,145.5
7/26/2019,146.5,146.15,146.55,145.28
7/25/2019,145.56,145.01,145.79,143.84
7/24/2019,145.22,145.3,146.59,144.41
7/23/2019,145.55,145.74,145.88,143.62
7/22/2019,144.93,145.34,147.06,144.9
7/19/2019,144.88,145.15,146.72,144.75
7/18/2019,144.83,137.93,145.49,137.64
7/17/2019,138.48,139,139.19,137.39
7/16/2019,138.92,138.58,139.42,138.43
7/15/2019,138.72,138.3,138.9,137.56
7/12/2019,138.16,137.37,138.33,137.11
7/11/2019,136.71,136.27,137.04,135.8
7/10/2019,135.96,135.51,137.36,135.3
7/9/2019,134.86,136.1,136.47,134.66
7/8/2019,136.06,136.52,136.75,135.77
7/5/2019,136.84,136.35,136.95,135.42
7/3/2019,137,136.2,137.27,135.92
7/2/2019,135.72,135.27,135.92,134.99
7/1/2019,135.39,135.12,136.95,134.81
6/28/2019,133.47,134.12,134.67,133.42
6/27/2019,134.07,134.27,134.83,133.52
6/26/2019,134.07,134.41,135.2,133.97
6/25/2019,133.92,134.98,135.07,133.7
6/24/2019,134.88,134.73,135.65,134.59
6/21/2019,134.73,134,135.06,133.95
6/20/2019,134.39,134.47,135.06,133.76
6/19/2019,132.68,132.05,133.92,131.87
6/18/2019,132,130.86,132.79,130.86
6/17/2019,130.62,131.04,131.66,130.38
6/14/2019,130.81,131.09,131.52,130.12
6/13/2019,131.4,130.79,131.9,130.75
6/12/2019,130.54,131.21,131.58,130.1
6/11/2019,131.59,130.98,132.08,130.72
6/10/2019,130.42,130.07,131.01,129.61
6/7/2019,129.03,128.22,130.4,127.97
6/6/2019,127.98,127.95,128.39,126.7
6/5/2019,127.27,129.1,129.32,126.28
6/4/2019,128.43,125.4,128.48,124.94
6/3/2019,124.15,123.02,124.43,122.98
5/31/2019,122.91,124.32,124.32,122.78
5/30/2019,125.41,125.58,125.8,124.79
5/29/2019,125.53,125.83,126.1,124.2
5/28/2019,126.27,127.89,128.38,126.09
5/24/2019,128.03,129.24,129.94,127.37
5/23/2019,128.14,130.79,130.79,126.25
5/22/2019,131.97,131.64,132.36,131.36
5/21/2019,132.07,131.75,132.66,131.43
5/20/2019,130.78,129.24,131.08,128.66
5/17/2019,130.01,130.36,131.06,129.64
5/16/2019,131.52,130.42,131.74,130.32
5/15/2019,130.09,128.33,130.27,128.12
5/14/2019,129.03,127.59,130.01,127.45
5/13/2019,127.2,129,129.28,126.76
5/10/2019,130.98,130.55,131.39,128.17
5/9/2019,131,130.56,131.23,128.76
5/8/2019,133.57,133.35,134.25,132.73
5/7/2019,133.22,134.68,135.03,131.82
5/6/2019,135.87,133.86,136.17,133.47
5/3/2019,135.75,135.22,136.47,135.15
5/2/2019,135.11,135.99,136.75,134.94
5/1/2019,136.05,136.04,137.26,135.67
4/30/2019,135.77,134.65,135.93,134.23
4/29/2019,134.59,134.68,135.15,134.36
4/26/2019,134.96,134.87,135.4,134.36
4/25/2019,134.18,135.22,135.26,133.29
4/24/2019,135.46,136.09,136.77,135.29
4/23/2019,135.93,134.68,136.4,134.48
4/22/2019,134.43,134.95,136.05,134.04
4/18/2019,135.83,134.54,135.98,134.25
4/17/2019,134.65,132.96,137.42,131.89
4/16/2019,140.48,139.77,140.72,139.4
4/15/2019,139.28,139.77,139.82,138.67
4/12/2019,139.72,139.63,139.8,139.09
4/11/2019,139.17,139.19,139.49,138.44
4/10/2019,138.43,137.64,138.89,137.42
4/9/2019,137.55,138.08,138.36,137.29
4/8/2019,138.79,138.43,138.82,138.28
4/5/2019,138.68,138.69,138.89,137.89
4/4/2019,138.2,139.01,139.51,137.97
4/3/2019,139.02,139.04,139.59,138.42
4/2/2019,138.41,138.75,139.33,138.02
4/1/2019,138.7,136.97,138.81,136.97
3/29/2019,136.57,135.99,136.69,135.65
3/28/2019,135.43,135.42,135.93,134.64
3/27/2019,134.77,135.9,135.98,133.96
3/26/2019,135.72,135.44,136.49,134.95
3/25/2019,134.71,134.6,135.42,133.91
3/22/2019,134.97,136.45,136.9,134.44
3/21/2019,136.9,134.64,137.56,134.42
3/20/2019,135.12,136.02,136.18,134.52
3/19/2019,135.98,136.44,137.15,135.51
3/18/2019,135.71,135.34,135.86,134.27
3/15/2019,134.96,134.9,135.83,134.76
3/14/2019,134.34,134.06,134.48,133.63
3/13/2019,134.11,133.62,134.85,133.43
3/12/2019,133.84,134.07,135.21,133.44
3/11/2019,133.29,131.66,133.31,131.48
3/8/2019,130.75,129.9,130.9,129.29
3/7/2019,131.02,132.23,132.5,130.31
3/6/2019,132.58,133.69,133.95,132.33
3/5/2019,133.46,133.93,134.29,133.14
3/4/2019,133.99,135.5,135.58,132.77
3/1/2019,134.73,134.84,135.55,134.19
2/28/2019,133.7,134.32,134.59,133.3
2/27/2019,134.7,134.78,135.09,133.96
2/26/2019,135.24,135.19,135.98,134.99
2/25/2019,134.98,135.51,135.96,134.85
2/22/2019,134.78,134.28,134.91,133.99
2/21/2019,133.42,133.4,133.91,132.94
2/20/2019,133.57,134.31,134.77,132.82
2/19/2019,134.25,133.39,134.25,132.95
2/15/2019,133.6,133.16,133.75,132.98
2/14/2019,132.1,132.77,133.19,131.84
2/13/2019,133.11,132.53,133.49,132.03
2/12/2019,131.68,130.81,131.83,130.53
2/11/2019,129.69,129.98,130.81,129.61
2/8/2019,129.42,128.09,129.42,127.95
2/7/2019,128.92,129.26,130.15,127.88
2/6/2019,131.95,130.88,132.26,130.83
2/5/2019,131.2,130.94,131.46,130.59
2/4/2019,130.85,129.72,130.86,128.72
2/1/2019,129.8,130.64,130.86,129.07
1/31/2019,130.11,130.14,130.39,129.45
1/30/2019,130.07,129.7,130.7,128.97
1/29/2019,130.02,129.98,131.07,129.31
1/28/2019,129.96,128.83,130.48,128.33
1/25/2019,129.67,128.61,130.13,128.18
1/24/2019,128.28,128.37,128.93,127.21
1/23/2019,128.63,127.15,130.67,126.13
1/22/2019,118.59,119.34,119.83,117.64
1/18/2019,119.85,119.31,120.71,118.77
1/17/2019,118.27,116.69,118.48,116.68
1/16/2019,117.72,117.68,118.08,116.95
1/15/2019,117.82,117.08,118.02,116.94
1/14/2019,116.53,116.64,116.78,115.92
1/11/2019,117.56,117.68,117.71,116.34
1/10/2019,117.88,116.23,117.95,116.1
1/9/2019,116.82,117.03,117.5,116.02
1/8/2019,115.98,115.82,116.7,115.16
1/7/2019,114.36,113.73,115.02,112.93
1/4/2019,113.55,111.22,113.72,110.77
1/3/2019,109.29,110.85,111.19,109.07
1/2/2019,111.51,108.42,112.26,108.11
12/31/2018,110.02,109.69,110.68,108.81
12/28/2018,109.4,110.55,111.12,108.89
12/27/2018,110.13,106.46,110.13,105.96
12/26/2018,107.82,104.53,107.82,102.54
12/24/2018,104.12,106.37,107.44,104.05
12/21/2018,107.38,108.89,111.58,106.9
12/20/2018,109.39,111.99,112.71,108.12
12/19/2018,112.69,113.39,116.41,112.25
12/18/2018,112.91,113.15,114.44,112.3
12/17/2018,112.37,115.25,115.94,111.38
12/14/2018,116.05,115.66,117.22,115.61
12/13/2018,116.86,117.37,117.88,116.31
12/12/2018,117.27,118.58,118.94,117.12
12/11/2018,117.01,119.29,119.84,116.15
12/10/2018,117.24,115.9,117.78,114.72
12/7/2018,115.51,119.92,120.07,115.06
12/6/2018,119.93,115.88,119.93,115.47
12/4/2018,117.7,120.49,120.91,117.44
12/3/2018,121.29,121.64,122.53,120.37
11/30/2018,120.28,117.76,120.69,117.58
11/29/2018,117.58,118.51,119.17,117.5
11/28/2018,119.05,117.13,119.14,116.36
11/27/2018,116.18,114.58,116.19,114.57
11/26/2018,115.72,114.57,116.39,114.27
11/23/2018,113.43,114.3,114.54,113.16
11/21/2018,114.76,113.84,115.67,113.62
11/20/2018,113.44,114.69,115.66,112.95
11/19/2018,116.45,117.73,118.26,115.93
11/16/2018,117.67,117.01,117.94,116.67
11/15/2018,117.54,115.82,117.54,115.67
11/14/2018,116.34,117.22,118.02,115.93
11/13/2018,116.96,117.3,118.33,116.05
11/12/2018,117.02,119.54,119.6,116.78
11/9/2018,119.58,119.64,120.57,118.05
11/8/2018,119.42,118.72,120.41,118.69
11/7/2018,120.83,119.82,121.05,118.4
11/6/2018,119.17,116.83,119.84,116.45
11/5/2018,116.21,112.37,116.89,112.28
11/2/2018,111.96,113.74,113.97,110.86
11/1/2018,113.08,111.79,113.25,111.42
10/31/2018,111.73,112.75,112.76,110.43
10/30/2018,111.7,116.61,117.6,111.45
10/29/2018,115.8,115.51,119.97,114.5
10/26/2018,120.79,121.19,121.74,119.74
10/25/2018,122.39,123.17,123.69,121.12
10/24/2018,123.13,126.96,127.46,122.92
10/23/2018,127,124.88,127.67,124.29
10/22/2018,125.85,125.42,126.25,124.28
10/19/2018,124.96,126.46,127.66,123.85
10/18/2018,126.36,128.47,129.12,125.87
10/17/2018,129.75,131.53,132.75,129.14
10/16/2018,140.46,138.34,140.78,137.04
10/15/2018,136.6,135.87,137.69,135.64
10/12/2018,136.33,136.59,137,134.62
10/11/2018,134.56,138.04,139.56,134.33
10/10/2018,138.11,142.77,142.95,137.93
10/9/2018,142.51,143.33,143.6,142.21
10/8/2018,143.63,143.73,144.29,142.46
10/5/2018,144.25,146.06,146.92,143.12
10/4/2018,146.45,146.82,147.9,145.53
10/3/2018,148.3,149.06,149.41,147.9
10/2/2018,148.82,148.08,148.9,147.61
10/1/2018,148.09,146.84,148.5,146.84
9/28/2018,146.36,146.31,146.76,145.95
9/27/2018,146.64,147.13,147.5,146.31
9/26/2018,146.74,147.51,148.43,146.48
9/25/2018,144.13,145.1,145.58,143.6
9/24/2018,145.22,146.25,146.35,144.66
9/21/2018,146.49,146.62,147.7,145.9
9/20/2018,146.3,144.78,146.52,144.64
9/19/2018,144.28,143.86,145.15,143.47
9/18/2018,143.79,143.02,144.2,142.74
9/17/2018,143.19,143.68,144.29,143.03
9/14/2018,143.57,144.07,144.51,143.04
9/13/2018,144.17,142.62,144.22,142.4
9/12/2018,141.87,141.67,143.23,141.34
9/11/2018,141.79,141.31,142.27,140.59
9/10/2018,140.98,141.9,142.57,140.89
9/7/2018,140.78,141.26,141.8,140.46
9/6/2018,141.69,142.17,142.92,140.87
9/5/2018,141.95,140.53,142.04,140.39
9/4/2018,141,141.3,141.5,140.16
8/31/2018,141.78,141.04,142.07,140.87
8/30/2018,141.25,142.31,142.57,140.59
8/29/2018,142.81,142.16,143.18,141.9
8/28/2018,141.89,142.23,142.27,141.5
8/27/2018,141.98,142.22,142.88,141.82
8/24/2018,141.35,140.79,141.4,140.22
8/23/2018,140.7,140.39,140.85,140.1
8/22/2018,140.58,141.32,141.47,140.53
8/21/2018,141.29,142.28,142.4,141.21
8/20/2018,141.81,141.67,142.44,141.46
8/17/2018,141.37,140.14,141.69,140.05
8/16/2018,140.68,139.74,141,139.74
8/15/2018,139.29,137.98,139.38,137.44
8/14/2018,138.76,138.41,139.2,138.34
8/13/2018,138.13,139.52,139.67,137.96
8/10/2018,139.84,139.86,140.41,139.26
8/9/2018,140.12,140.86,141.26,140.09
8/8/2018,142.18,142.6,142.7,141.55
8/7/2018,142.29,141.94,142.9,141.65
8/6/2018,141.34,142.23,142.48,140.9
8/3/2018,142.96,138.64,143.17,138.41
8/2/2018,138.37,138.28,138.76,137.76
8/1/2018,138.89,140.11,140.53,138.74
7/31/2018,140.28,141.06,141.12,139.53
7/30/2018,140.82,140.15,141.55,140.05
7/27/2018,140.49,142.18,142.42,140.02
7/26/2018,142,142.7,144.48,141.92
7/25/2018,141.91,141.32,141.94,140.83
7/24/2018,141.68,141.99,142.32,141.24
7/23/2018,141.02,141.65,141.99,140.36
7/20/2018,141.65,143.81,144.08,141.57
7/19/2018,144.45,143.11,145.71,142.52
7/18/2018,139.88,138.9,140.15,138.15
7/17/2018,138.89,140.1,140.35,138.74
7/16/2018,140.79,141,141.11,139.58
7/13/2018,141.22,141.75,142.26,141.12
7/12/2018,141.75,141.17,142.12,141.06
7/11/2018,140.29,139.38,141.5,139.38
7/10/2018,140.07,139.87,140.92,139.63
7/9/2018,139.76,138.01,140.08,137.9
7/6/2018,137.91,136.99,138.35,136.64
7/5/2018,136.89,135.97,136.89,135.44
7/3/2018,135.09,136.14,136.42,134.9
7/2/2018,135.37,133.84,135.72,133.76
6/29/2018,135.22,135.82,136.82,135.13
6/28/2018,135.55,133.67,136.03,133.52
6/27/2018,133.07,134.65,135.29,133.04
6/26/2018,134.62,134.89,135.36,133.89
6/25/2018,134.34,135.89,135.89,133.84
6/22/2018,136.75,137.09,137.26,136.26
6/21/2018,136.72,138.01,138.55,136.31
6/20/2018,138.05,139.59,139.88,137.84
6/19/2018,139.28,138.53,139.59,138.36
6/18/2018,139.84,139.55,139.88,138.55
6/15/2018,140.72,140.25,140.8,139.09
6/14/2018,140.54,141.94,142.26,140.43
6/13/2018,141.65,142.08,142.74,141.51
6/12/2018,142.16,142.38,142.79,141.91
6/11/2018,141.88,141.91,142.68,141.45
6/8/2018,141.45,140.35,141.73,139.74
6/7/2018,140.69,140.35,141.99,140.28
6/6/2018,140.07,139.71,140.08,138.93
6/5/2018,139.09,138.46,139.46,138.45
6/4/2018,138.45,137.73,138.58,137.62
6/1/2018,137.39,137.86,138.26,137.08
5/31/2018,136.77,138.23,138.23,136.52
5/30/2018,138.04,137.35,138.51,137.27
5/29/2018,136.69,137.96,138.3,135.71
5/25/2018,139.03,139.28,139.93,138.86
5/24/2018,139.45,139.76,139.84,138.36
5/23/2018,140.03,139.72,140.06,138.88
5/22/2018,140.43,140.85,141.51,140.35
5/21/2018,140.82,140.3,141.35,140.04
5/18/2018,139.46,139.83,140.29,139.37
5/17/2018,139.86,139.86,140.53,139.16
5/16/2018,139.99,139.09,140.37,138.67
5/15/2018,139.13,138.89,139.37,138.33
5/14/2018,139.67,139.83,140.46,139.51
5/11/2018,139.51,139.49,140.2,138.97
5/10/2018,139.61,138.56,139.7,138.42
5/9/2018,138.03,137.35,138.43,136.75
5/8/2018,138.41,138.41,138.9,137.5
5/7/2018,138.62,139.38,139.69,138.06
5/4/2018,139.29,136.57,139.72,135.78
5/3/2018,137.43,137.57,137.67,135.41
5/2/2018,137.88,139.82,140.17,137.51
5/1/2018,140.35,140.01,140.37,138.87
4/30/2018,140.31,142.15,142.65,140.31
4/27/2018,141.78,142.13,142.52,140.99
4/26/2018,142.01,141.9,142.63,141.51
4/25/2018,141.26,141.11,141.7,139.49
4/24/2018,140.89,141.81,142.57,139.89
4/23/2018,141.18,140.38,141.28,139.7
4/20/2018,140.25,143.15,143.22,139.87
4/19/2018,142.96,144.4,144.42,141.91
4/18/2018,144.01,147.26,147.73,143.5
4/17/2018,155.75,153.72,156.8,153.42
4/16/2018,152.82,152.92,154.03,152.61
4/13/2018,151.68,153.58,154.11,150.91
4/12/2018,153,151.72,153.88,151.64
4/11/2018,150.37,149.42,150.78,148.94
4/10/2018,150.4,150.05,151.58,149.78
4/9/2018,147.79,146.93,149.7,146.87
4/6/2018,145.74,148.54,149.01,144.74
4/5/2018,149.09,149.48,149.95,148.42
4/4/2018,149.17,143.14,149.51,142.72
4/3/2018,145.04,145.96,146.15,143.54
4/2/2018,145.25,148.42,148.46,143.67
3/29/2018,148.51,148.16,148.95,146.23
3/28/2018,147.63,147.19,148.92,147.02
3/27/2018,147.03,149.01,149.9,146.31
3/26/2018,148.45,146.36,148.73,145.46
3/23/2018,144.11,147.36,147.68,143.77
3/22/2018,147.21,150.03,150.27,147.12
3/21/2018,151.66,151.55,153.12,150.92
3/20/2018,151.19,152.46,152.86,150.31
3/19/2018,152.3,154.58,154.76,151.43
3/16/2018,155.12,154.92,156.78,154.52
3/15/2018,154.49,153.62,156.08,153.43
3/14/2018,153.05,155.03,155.52,152.68
3/13/2018,154.21,154.95,156.91,153.71
3/12/2018,155.12,154.52,155.85,153.77
3/9/2018,154.2,152.42,154.46,152.25
3/8/2018,151.2,153.9,154.45,150.09
3/7/2018,153.24,150.03,153.73,149.76
3/6/2018,150.72,152.23,152.82,150.18
3/5/2018,151.91,149.17,152.44,148.82
3/2/2018,149.53,147.89,149.79,147.01
3/1/2018,148.87,150.54,151.94,147.89
2/28/2018,150.83,152.45,153.06,150.8
2/27/2018,151.53,153.37,154.65,151.51
2/26/2018,153.49,150.81,153.78,150.52
2/23/2018,150.53,149.35,150.85,149.13
2/22/2018,148.26,149.54,150.06,147.89
2/21/2018,149.02,150.44,151.76,148.96
2/20/2018,150.18,150.79,150.95,148.93
2/16/2018,151.17,150.71,152.73,150.69
2/15/2018,151,150.51,151.83,148.77
2/14/2018,149.79,145.37,150.03,145.19
2/13/2018,145.91,146.06,146.33,144.84
2/12/2018,146.54,146.06,147.51,145.48
2/9/2018,144.71,143.83,145.71,139.76
2/8/2018,142.85,147.59,148.24,142.77
2/7/2018,148.91,149.22,150.35,148.36
2/6/2018,150.35,145.47,150.5,144.32
2/5/2018,147.63,152.82,153.41,145.19
2/2/2018,153.93,156.51,156.8,153.77
2/1/2018,157.19,157.95,158.86,156.7
1/31/2018,158.45,158.49,159.7,157.54
1/30/2018,158.37,160.88,161.42,157.92
1/29/2018,161.45,162.08,162.99,160.68
1/26/2018,161.97,160.79,162.04,160.47
1/25/2018,160.16,160.59,161.43,159.89
1/24/2018,160.06,161.4,163.31,159.53
1/23/2018,160.91,157.59,160.92,157.29
1/22/2018,157.38,156.33,158.72,155.94
1/19/2018,157.16,159.18,160.09,156.12
1/18/2018,163.69,164.54,165.64,162.75
1/17/2018,163.24,162.62,163.7,161.89
1/16/2018,158.59,159.8,159.99,158.11
1/12/2018,157.9,158.76,159.45,157.8
1/11/2018,158.93,159.51,159.65,158.06
1/10/2018,158.91,157.68,159.06,157.28
1/9/2018,158.57,158.64,159.25,157.83
1/8/2018,158.22,157.44,158.64,156.51
1/5/2018,157.28,157.23,157.67,155.93
1/4/2018,156.51,154.53,157.11,154.26
1/3/2018,153.4,152.29,154.68,151.31
1/2/2018,149.3,149.54,149.84,148.61
12/29/2017,148.5,149.22,149.75,148.49
12/28/2017,149.1,148.28,149.17,148.28
12/27/2017,148.22,148.04,148.26,147.71
12/26/2017,147.93,147.62,148.92,147.61
12/22/2017,147.61,146.95,148.09,146.64
12/21/2017,146.64,148.25,148.54,146.63
12/20/2017,148.04,148.72,148.95,147.88
12/19/2017,148.31,149.11,149.22,148.18
12/18/2017,148.41,148.66,149.23,148.29
12/15/2017,147.61,148.68,148.86,147.15
12/14/2017,149.06,149.64,150.13,148.77
12/13/2017,148.97,151.57,151.7,148.95
12/12/2017,151.71,150.22,152.78,150.18
12/11/2017,150.42,150,150.89,149.61
12/8/2017,149.84,149,150.05,148.62
12/7/2017,148.64,149.09,149.49,148.34
12/6/2017,149.15,150.69,151.21,149.14
12/5/2017,150.36,151.43,151.71,149.72
12/4/2017,151.44,150.67,151.77,150.09
12/1/2017,149.79,149.44,150.04,148.01
11/30/2017,149.03,148.72,149.45,148.17
11/29/2017,148.62,147.91,148.68,147.29
11/28/2017,147.58,147.46,148.02,146.83
11/27/2017,147.1,147.18,147.6,146.75
11/24/2017,146.97,147.07,147.32,146.47
11/22/2017,146.9,147.12,147.5,146.47
11/21/2017,147.07,146.44,147.56,146.35
11/20/2017,145.68,145.81,147.07,145.09
11/17/2017,144.19,144.55,145.33,144.05
11/16/2017,144.33,142.99,144.85,142.77
11/15/2017,142.38,143.25,143.93,141.52
11/14/2017,144.11,143.2,144.19,142.76
11/13/2017,143.64,144.1,144.22,143.17
11/10/2017,144.37,145.82,146.05,144.35
11/9/2017,145.48,145.12,146.93,145.05
11/8/2017,146.71,146.73,146.92,145.46
11/7/2017,146.49,146.51,146.65,145.67
11/6/2017,146,146.9,146.95,145.46
11/3/2017,146.72,148.5,148.54,146.63
11/2/2017,148.43,149.23,149.53,148
11/1/2017,149.09,149.15,149.93,148.89
10/31/2017,149.12,149.38,149.96,148.02
10/30/2017,149.41,148.83,149.63,147.81
10/27/2017,148.75,149.58,149.67,148
10/26/2017,148.67,149.36,150.14,148.61
10/25/2017,148.57,151,151.35,148.15
10/24/2017,150.88,154.53,154.57,150.19
10/23/2017,154.43,156.85,157.29,154.42
10/20/2017,156.87,155.9,157.27,154.64
10/19/2017,155.74,154.67,155.79,153.98
10/18/2017,154.41,152.08,156.06,151.91
10/17/2017,141.84,141.92,142.4,141.49
10/16/2017,142.12,142.5,142.93,141.81
10/13/2017,142.38,142.75,143.11,142.22
10/12/2017,142.31,142.82,143.14,142.06
10/11/2017,142.88,143.64,143.71,142.55
10/10/2017,143.73,142.97,144.17,142.91
10/9/2017,142.66,141.8,143.05,141.65
10/6/2017,141.78,141.93,142.14,141.62
10/5/2017,142.01,141.97,142.81,141.78
10/4/2017,141.78,142.28,142.3,141.42
10/3/2017,142.07,141.98,142.48,141.64
10/2/2017,141.95,140.69,142.15,140.55
9/29/2017,140.42,140.78,141.01,140.27
9/28/2017,140.99,140.67,141.18,139.58
9/27/2017,140.99,141.97,142.19,140.38
9/26/2017,141.86,141.66,142.69,141.26
9/25/2017,141.19,140.46,141.34,140.26
9/22/2017,140.47,140.92,140.92,139.95
9/21/2017,140.6,140.98,141.21,140.44
9/20/2017,141.2,140.28,141.2,139.79
9/19/2017,139.76,140.14,140.33,139.59
9/18/2017,139.91,140.16,140.81,139.64
9/15/2017,140.17,140.17,140.51,139.46
9/14/2017,140.87,141.18,141.68,140.84
9/13/2017,141.3,140.69,141.6,140.68
9/12/2017,141.08,140.45,141.67,139.87
9/11/2017,140.21,138.93,140.47,138.42
9/8/2017,137.88,138.56,138.56,137.09
9/7/2017,138.31,139.48,140,137.84
9/6/2017,139.2,139.26,139.83,138.89
9/5/2017,138.45,138.89,139.72,138.12
9/1/2017,139.46,138.39,139.86,138.39
8/31/2017,138.44,138.43,139.05,138.05
8/30/2017,137.98,138.66,138.68,137.84
8/29/2017,138.55,137.54,138.82,137.35
8/28/2017,137.94,139.49,139.92,137.82
8/25/2017,139.13,138.7,139.56,138.65
8/24/2017,138.35,137.93,139.07,137.68
8/23/2017,137.58,136.18,138.46,136.17
8/22/2017,136.48,136.13,136.62,135.87
8/21/2017,135.83,135.11,135.91,134.66
8/18/2017,135.22,136.35,136.62,135.1
8/17/2017,136.18,137.95,138.3,136.18
8/16/2017,137.93,137.24,138.32,137.07
8/15/2017,137.51,137.98,138.74,136.07
8/14/2017,137.75,137.44,138.18,137.38
8/11/2017,137.29,137.88,138.01,136.98
8/10/2017,137.29,137.09,137.85,136.7
8/9/2017,137.22,137.2,137.47,136.66
8/8/2017,137.55,137.44,138.18,137.44
8/7/2017,138.87,140.35,140.43,138.17
8/4/2017,140.5,140.35,140.72,139.77
8/3/2017,140.29,139.79,140.68,139.79
8/2/2017,139.81,140.46,140.63,139.59
8/1/2017,140.64,140.35,141,140.08
7/31/2017,140.03,139.75,140.28,139.54
7/28/2017,139.66,140.16,140.39,139.22
7/27/2017,140.41,140.35,140.73,139.03
7/26/2017,140.69,141.58,141.76,139.83
7/25/2017,141.5,141.87,142.76,141.34
7/24/2017,141.3,142.28,142.32,141.12
7/21/2017,142.36,142.85,143.12,141.81
7/20/2017,142.92,142.8,144.05,142.31
7/19/2017,142.8,145.21,145.43,142
7/18/2017,149.06,147.47,149.34,147.12
7/17/2017,148.1,148.66,148.94,147.35
7/14/2017,149.29,149.07,149.65,148.48
7/13/2017,148.7,148.77,149.24,148.27
7/12/2017,148.77,148.55,149.29,148.14
7/11/2017,148.27,148.34,148.72,147.17
7/10/2017,148.5,148,148.95,147.73
7/7/2017,148.03,147.72,148.56,147.26
7/6/2017,147.47,148.44,148.89,147.34
7/5/2017,148.74,150.77,150.89,148.7
7/3/2017,150.59,148.65,151.02,148.59
6/30/2017,148.89,149.33,149.54,148.23
6/29/2017,149.18,150.36,150.74,148.69
6/28/2017,150.34,150.17,150.56,149.81
6/27/2017,149.78,150.03,150.35,149.54
6/26/2017,150.25,149.74,150.75,149.67
6/23/2017,149.16,149.39,149.72,148.86
6/22/2017,149.44,149.59,150.02,148.76
6/21/2017,148.85,150.79,150.79,148.47
6/20/2017,149.98,149.52,150.4,149.3
6/19/2017,149.87,150.52,150.86,149.58
6/16/2017,150.39,149.28,150.43,148.06
6/15/2017,149.27,148.37,149.73,148.37
6/14/2017,148.87,149.03,149.97,148.03
6/13/2017,149.3,150.45,150.49,149.2
6/12/2017,150.2,149.24,152.16,149.08
6/9/2017,149.15,147.12,149.31,147.01
6/8/2017,147.22,146.15,147.92,146.08
6/7/2017,146.13,148.14,149.25,145.96
6/6/2017,147.48,147.12,147.98,147.12
6/5/2017,147.52,146.95,148.02,146.81
6/2/2017,147.17,148.16,148.28,146.93
6/1/2017,147.77,147.9,147.96,146.76
5/31/2017,147.73,147.15,147.9,146.78
5/30/2017,146.86,147.07,147.77,146.73
5/26/2017,147.6,147.94,148.09,147.18
5/25/2017,148.28,148.33,148.8,148.04
5/24/2017,147.62,147.33,147.86,146.38
5/23/2017,147.15,147.67,148.75,147.04
5/22/2017,147.74,147.22,147.93,146.73
5/19/2017,147.1,146.16,147.57,146.05
5/18/2017,145.94,146.02,146.47,145.29
5/17/2017,146.09,148.38,149.19,146.05
5/16/2017,148.75,146.79,149.05,146.79
5/15/2017,146.65,145.79,146.96,145.62
5/12/2017,145.54,145.48,146.41,145.19
5/11/2017,145.82,146.2,146.3,144.98
5/10/2017,146.4,146.78,147.48,146.28
5/9/2017,147.23,147.7,148.19,146.69
5/8/2017,148.12,147.9,148.54,147.32
5/5/2017,150.07,148.59,150.78,148.09
5/4/2017,153.95,153.79,154.03,153.28
5/3/2017,153.54,153.65,154.33,153.43
5/2/2017,153.99,154.32,154.37,153.55
5/1/2017,153.74,154.91,155.27,153.61
4/28/2017,155.15,155.35,155.44,154.57
4/27/2017,155.17,155.15,155.33,154.51
4/26/2017,154.92,155.38,155.93,154.76
4/25/2017,155.24,156.59,156.84,155.23
4/24/2017,155.59,156.11,156.38,155.27
4/21/2017,155.23,156.85,156.91,155.23
4/20/2017,157.09,156.14,157.19,155.35
4/19/2017,156.5,156.57,157.42,154.48
4/18/2017,164.59,165.31,166.18,164.38
4/17/2017,165.61,164.3,165.8,164.18
4/13/2017,164.09,164.47,165.86,164.09
4/12/2017,165.18,165.55,165.71,164.56
4/11/2017,165.11,165.17,165.73,163.56
4/10/2017,165.71,166.99,167.02,165.51
4/7/2017,166.62,166.56,167.38,165.78
4/6/2017,166.92,167.9,167.9,166.72
4/5/2017,167.33,169.09,170.67,167.26
4/4/2017,168.92,167.95,169.35,167.7
4/3/2017,168.9,168.24,169.26,167.82
3/31/2017,168.55,168.4,169.34,168.12
3/30/2017,168.28,168.28,168.99,168.12
3/29/2017,168.36,168.71,168.89,167.89
3/28/2017,168.91,168.36,169.38,167.45
3/27/2017,168.19,167.15,168.57,166.57
3/24/2017,168.25,169.5,169.87,167.83
3/23/2017,169.21,168.83,170.03,167.99
3/22/2017,169.17,168.45,169.44,167.25
3/21/2017,168.3,170.36,170.57,168.26
3/20/2017,170.06,170.01,170.53,169.52
3/17/2017,170.01,170.63,171.12,170.01
3/16/2017,171.55,172.73,173.26,171.15
3/15/2017,170.17,170.07,170.62,169.14
3/14/2017,170.08,170.53,171.15,169.59
3/13/2017,170.8,172.14,172.35,170.75
3/10/2017,172.12,172.49,173.73,171.73
3/9/2017,171.49,173.4,173.5,170.24
3/8/2017,173.69,174.95,175.14,173.55
3/7/2017,174.59,174.91,175.47,174.42
3/6/2017,174.68,173.95,175.18,173.81
3/3/2017,174.27,174.26,175.5,174
3/2/2017,174.74,176.04,176.04,174.64
3/1/2017,176.11,174.69,176.69,174.25
2/28/2017,174.05,173.62,174.83,173.59
2/27/2017,173.64,175.38,175.43,173.53
2/24/2017,175.53,174.43,175.67,174.12
2/23/2017,175.82,176.16,176.64,175.11
2/22/2017,175.34,174.31,175.52,174.31
2/21/2017,174.47,174.8,174.99,173.37
2/17/2017,174.87,175.43,175.74,174.22
2/16/2017,175.61,175.63,176.92,175.07
2/15/2017,175.85,174.42,176.08,174.04
2/14/2017,174.35,172.84,174.35,172.63
2/13/2017,173.6,173.49,174.13,173.1
2/10/2017,172.95,171.68,173.13,171.09
2/9/2017,171.52,170.52,172.09,170.26
2/8/2017,170.52,171.8,171.8,170.24
2/7/2017,172.73,170.35,172.89,170.25
2/6/2017,170.22,169.68,170.33,168.78
2/3/2017,170.18,169.38,170.68,169.28
2/2/2017,168.98,168.64,169.35,167.98
2/1/2017,168.7,169.38,170.06,167.34
1/31/2017,168.92,169.43,169.95,168.04
1/30/2017,170.16,171.3,171.39,168.97
1/27/2017,171.61,172.74,173.45,171.61
1/26/2017,172.93,172.35,173.14,171.81
1/25/2017,172.57,170.6,173.5,170.48
1/24/2017,170.25,165.86,170.35,165.67
1/23/2017,165.54,164.62,165.75,164.55
1/20/2017,165.08,162.42,165.16,160.67
1/19/2017,161.46,161.6,162.08,160.48
1/18/2017,161.45,162.08,163.18,161.34
1/17/2017,162.5,161.34,162.78,160.79
1/13/2017,161.97,162.58,163.07,161.52
1/12/2017,162.56,162.39,162.62,160.25
1/11/2017,162.37,160.72,162.38,160.29
1/10/2017,160.21,162.59,162.7,160.03
1/9/2017,162.27,164.03,164.35,162.24
1/6/2017,164.09,163.28,164.47,162.14
1/5/2017,163.29,163.82,163.95,161.89
1/4/2017,163.83,162.39,164.42,161.99
1/3/2017,161.82,161.64,162.48,160.68
12/30/2016,160.66,161.1,161.35,160.19
12/29/2016,161.25,160.69,161.63,160.67
12/28/2016,160.86,161.92,162.36,160.67
12/27/2016,161.78,161.62,162.59,161.5
12/23/2016,161.36,161.64,162.11,161.11
12/22/2016,161.7,161.99,162.83,161.23
12/21/2016,161.96,160.91,162.55,159.95
12/20/2016,162.22,162.11,162.85,161.11
12/19/2016,161.33,161.48,161.89,160.67
12/16/2016,161.38,163.55,163.68,160.73
12/15/2016,162.63,162.62,164.4,162.4
12/14/2016,163.1,162.97,164.44,162.08
12/13/2016,162.89,160.36,164.5,160.36
12/12/2016,160.19,161.37,161.44,159.77
12/9/2016,161.18,159.88,161.37,159.32
12/8/2016,160.05,159.58,160.67,158.95
12/7/2016,159.5,155.45,159.88,155.24
12/6/2016,155.2,154.99,155.63,153.83
12/5/2016,154.71,155.69,155.98,154.47
12/2/2016,154.88,153.9,155.15,153.33
12/1/2016,154.69,156.75,156.99,153.22
11/30/2016,157.01,158.11,158.54,157
11/29/2016,158.28,158.74,159.13,157.8
11/28/2016,159.24,157.96,159.38,157.48
11/25/2016,157.9,156.64,157.95,156.64
11/23/2016,156.78,156.74,157.17,156.18
11/22/2016,157.45,157.77,157.77,156.75
11/21/2016,157.55,155.53,157.77,155.22
11/18/2016,155.24,154.67,155.56,154.1
11/17/2016,154.67,154.11,154.8,153.75
11/16/2016,154.18,153.37,154.43,152.96
11/15/2016,153.58,153.34,154.04,152.49
11/14/2016,153.13,156.08,156.67,152.52
11/11/2016,156.09,154.84,156.16,154.22
11/10/2016,155.08,152.6,155.99,152.53
11/9/2016,149.84,148.05,150.57,146.15
11/8/2016,150.19,149.6,150.93,148.15
11/7/2016,150.72,149.05,151.1,148.9
11/4/2016,147.54,147.51,148.71,147
11/3/2016,147.48,147.62,148.81,146.93
11/2/2016,147.07,147.59,148.42,146.8
11/1/2016,147.89,148.57,148.97,146.87
10/31/2016,148.76,147.86,149.38,147.86
10/28/2016,147.71,149.11,149.48,147.3
10/27/2016,148.43,147.92,149.12,147.14
10/26/2016,146.94,145.87,148.03,145.43
10/25/2016,146.04,145.85,146.31,145.02
10/24/2016,145.74,145.57,146.66,145.57
10/21/2016,144.83,145.75,146.3,144.76
10/20/2016,146.66,146.43,147.99,146.17
10/19/2016,146.41,146.42,147.56,145.99
10/18/2016,145.88,145.21,146.15,143.05
10/17/2016,149.8,149.49,150.89,149.39
10/14/2016,149.49,149.51,150.54,149.14
10/13/2016,148.79,148.77,149.27,147.38
10/12/2016,149.34,150,150,148.17
10/11/2016,149.82,151.7,151.91,148.95
10/10/2016,151.98,151.68,153.4,151.63
10/7/2016,150.67,152.1,152.64,149.89
10/6/2016,151.85,151.81,152.38,150.89
10/5/2016,152.04,152.03,152.76,151.69
10/4/2016,151.44,152.61,153.44,150.82
10/3/2016,152.55,152.99,153.29,151.98
9/30/2016,153.75,153.8,154.71,152.99
9/29/2016,153.04,153.54,159.7,152.41
9/28/2016,153.21,151.95,153.53,151.22
9/27/2016,151.74,149.37,151.74,148.87
9/26/2016,149.04,149.5,149.5,148.54
9/23/2016,150.01,150.63,151.03,149.74
9/22/2016,151.1,151.14,152.17,150.69
9/21/2016,150.54,149.94,150.68,148.93
9/20/2016,149.49,150.87,151.55,149.49
9/19/2016,149.9,149.9,151.18,149.59
9/16/2016,148.9,150.06,150.41,148.54
9/15/2016,150.66,149.35,151.31,148.29
9/14/2016,149.11,150.7,150.87,148.47
9/13/2016,150.81,152.57,152.86,150.51
9/12/2016,153.21,150.28,153.44,149.87
9/9/2016,150.69,152.96,153.32,150.65
9/8/2016,153.9,155.4,156.04,153.66
9/7/2016,156.45,155.05,156.57,154.87
9/6/2016,155.2,154.75,155.7,154
9/2/2016,154.43,154.75,155.42,154.04
9/1/2016,154.42,153.24,154.5,153.03
8/31/2016,153.78,154.54,154.54,153.18
8/30/2016,154.28,154.63,155.01,153.71
8/29/2016,154.59,153.73,155.07,153.41
8/26/2016,153.24,153.78,155.29,152.78
8/25/2016,153.54,153.9,154.42,153.34
8/24/2016,153.95,154.76,155.04,153.24
8/23/2016,155.12,155.18,156.16,155.09
8/22/2016,154.87,154.87,155.42,154.02
8/19/2016,154.9,155.68,155.75,154.4
8/18/2016,156.18,155.73,156.8,155.29
8/17/2016,155.29,155.8,155.99,154.71
8/16/2016,155.54,155.94,156.73,155.53
8/15/2016,156.68,157.19,157.74,156.59
8/12/2016,156.75,157.95,158.21,156.34
8/11/2016,158.28,157.04,159.66,156.98
8/10/2016,156.88,156.98,157.44,156.76
8/9/2016,156.58,157.01,157.55,156.46
8/8/2016,156.84,157.51,158.03,156.39
8/5/2016,158.25,156.8,158.26,156.38
8/4/2016,156.37,155.7,156.51,154.98
8/3/2016,155.51,154.99,155.7,154.67
8/2/2016,155.43,156.09,156.27,155.21
8/1/2016,156.27,155.49,156.46,154.71
7/29/2016,155.47,156.18,156.48,154.89
7/28/2016,156.19,156.2,156.62,155.55
7/27/2016,156.64,156.92,157.35,156.01
7/26/2016,156.92,157.43,158.35,156.19
7/25/2016,157.43,156.8,157.65,156.56
7/22/2016,156.87,155.62,156.97,155.33
7/21/2016,155.3,155.59,156.66,154.76
7/20/2016,156.18,154.84,156.52,154.48
7/19/2016,154.46,156.59,156.94,152.82
7/18/2016,154.73,154.19,155.59,153.64
7/15/2016,154.65,154.77,154.85,153.41
7/14/2016,155.14,153.71,156.22,153.49
7/13/2016,152.95,152.69,153.26,152.02
7/12/2016,152,150.99,152.08,150.53
7/11/2016,150.35,149.64,151.03,149.54
7/8/2016,149.5,149.06,149.64,148.17
7/7/2016,147.7,147.85,148.76,147.02
7/6/2016,147.48,146.98,147.52,145.11
7/5/2016,146.81,146.34,147.12,145.92
7/1/2016,147.46,147.31,148.06,146.54
6/30/2016,146.91,144.08,147.03,143.9
6/29/2016,143.7,141.8,143.71,141.75
6/28/2016,141.02,140.13,141.05,139.59
6/27/2016,138.89,141.49,141.9,137.93
6/24/2016,141.89,145.16,145.78,141.49
6/23/2016,150.36,148.53,150.49,147.7
6/22/2016,148.01,148.82,149.74,147.38
6/21/2016,149.11,149.21,149.61,148.76
6/20/2016,148.68,147.7,149.71,147.63
6/17/2016,147.11,146.12,147.82,145.77
6/16/2016,146.21,145.37,146.44,144.22
6/15/2016,145.84,146.6,146.92,145.77
6/14/2016,146.21,146.43,146.92,145.57
6/13/2016,146.43,146.76,147.61,145.46
6/10/2016,147.48,147.89,148.41,146.99
6/9/2016,148.5,148.01,148.83,147.83
6/8/2016,149.06,148.6,149.14,148.13
6/7/2016,148.41,148.39,148.99,147.76
6/6/2016,147.83,148.18,149.01,147.45
6/3/2016,147.98,147.51,148.13,146.83
6/2/2016,148.57,147.69,148.57,147.24
6/1/2016,147.62,148.09,148.35,146.68
5/31/2016,148.81,147.66,148.87,147.38
5/27/2016,147.93,147.46,148.02,147.27
5/26/2016,147.55,146.69,147.62,146.2
5/25/2016,146.82,144.15,147.21,143.73
5/24/2016,143.55,142.17,143.98,142.17
5/23/2016,142.06,142.87,143.2,141.95
5/20/2016,142.52,141.03,142.78,140.88
5/19/2016,140.28,141.78,142.21,139.34
5/18/2016,142.61,143.24,143.75,141.66
5/17/2016,143.25,144.42,144.7,142.56
5/16/2016,144.66,142.91,145.18,142.71
5/13/2016,142.98,144.01,145.05,142.69
5/12/2016,144.06,144.42,144.6,142.39
5/11/2016,144.17,144.91,146.24,143.97
5/10/2016,145.16,143.48,145.22,143
5/9/2016,142.61,142.96,143.44,142.29
5/6/2016,142.56,140.21,143.22,139.83
5/5/2016,141.77,141.27,142.57,140.78
5/4/2016,139.62,138.76,140.35,138.71
5/3/2016,139.5,140.01,140.25,138.31
5/2/2016,140.61,141.86,142.28,139.79
4/29/2016,141.26,141.79,142.61,139.56
4/28/2016,142.35,144.94,145.36,142.02
4/27/2016,145.64,144.56,145.94,144.19
4/26/2016,144.3,143.88,144.98,143.15
4/25/2016,144.03,143.41,144.12,142.39
4/22/2016,143.73,144.64,146.15,142.77
4/21/2016,144.51,141.88,145.3,141.76
4/20/2016,141.42,139.61,142.48,139.38
4/19/2016,139.38,141.77,142.23,138.03
4/18/2016,147.63,146.88,148.23,146.63
4/15/2016,146.85,146.19,147.22,146.12
4/14/2016,146.31,146.64,147.86,145.55
4/13/2016,146.38,145.91,146.38,144.83
4/12/2016,144.83,144.81,145.29,143.81
4/11/2016,144.46,145.44,147.07,144.43
4/8/2016,144.56,144.28,145.18,143.37
4/7/2016,143.49,144.29,144.8,143.25
4/6/2016,145.21,145.09,145.33,143.07
4/5/2016,145.19,146.57,146.73,144.85
4/4/2016,147.19,147.45,148.59,147.03
4/1/2016,147.63,145.68,148.05,145.43
3/31/2016,146.59,144.98,148.19,144.57
3/30/2016,143.65,145.14,145.58,143.56
3/29/2016,144.54,142.85,144.95,142.77
3/28/2016,143.64,143.01,143.88,142.5
3/24/2016,143.2,140.33,143.46,139.85
3/23/2016,140.73,143.25,143.28,140.47
3/22/2016,143.35,143.31,144.49,143.1
3/21/2016,143.86,142.57,143.94,142.01
3/18/2016,142.37,142.67,142.78,140.84
3/17/2016,142.32,140.13,142.59,139.81
3/16/2016,140.14,138.04,140.23,137.55
3/15/2016,138.37,137.19,138.73,137
3/14/2016,138.2,137.45,138.59,136.51
3/11/2016,137.79,137.18,138.34,136
3/10/2016,135.69,136.71,136.93,133.66
3/9/2016,135.9,134.84,137.61,134.76
3/8/2016,134.61,135.23,135.85,133.01
3/7/2016,135.65,132.87,136,132.48
3/4/2016,133.38,133.12,134.95,132.62
3/3/2016,133.38,132.82,133.53,131.7
3/2/2016,131.93,129.41,133.03,128.94
3/1/2016,130.06,128,130.32,127.79
2/29/2016,126.82,127.76,129.08,126.7
2/26/2016,127.79,130.19,130.59,127.72
2/25/2016,130.18,129.01,130.19,126.68
2/24/2016,128.54,127.33,129.21,125.52
2/23/2016,128.15,128.87,129.13,127.77
2/22/2016,129.48,129.54,130,128.16
2/19/2016,128.81,128.11,129.36,126.64
2/18/2016,128.2,125.83,129.7,125.59
2/17/2016,122.05,119.74,122.51,119.29
2/16/2016,118.8,117.92,119.14,117.45
2/12/2016,117.16,115.43,117.17,114.55
2/11/2016,114.07,114.97,115.82,113.15
2/10/2016,116.33,120.99,121.27,115.99
2/9/2016,120.09,122.07,122.86,119.8
2/8/2016,122.9,121.96,123.42,120.15
2/5/2016,124.44,123.14,124.51,121.81
2/4/2016,123.55,121.07,124.38,120.99
2/3/2016,120.72,120.01,121.42,118.37
2/2/2016,118.99,119.7,120.16,118.7
2/1/2016,120.82,120.41,121.27,119.74
1/29/2016,120.79,119.32,120.79,119.01
1/28/2016,118.3,117.37,118.89,117.13
1/27/2016,117.08,118.79,119.41,116.78
1/26/2016,118.66,118.33,119.64,118.32
1/25/2016,118.16,118.18,120.24,117.74
1/22/2016,118.57,120.67,120.74,117.86
1/21/2016,118.97,117.41,121.09,116.71
1/20/2016,117.95,114.66,120.01,114.21
1/19/2016,124,125.93,127.86,123.95
1/15/2016,125.86,125.84,126.68,124.73
1/14/2016,128.64,127.7,129.5,127.01
1/13/2016,126.96,129.22,129.97,126.89
1/12/2016,128.63,129.36,129.49,126.92
1/11/2016,128.95,127.58,129.53,127.53
1/8/2016,127.41,128.91,129.52,127.11
1/7/2016,128.6,129.41,130.69,128.18
1/6/2016,130.83,130.07,131.23,129.33
1/5/2016,131.49,132.37,132.5,130.52
1/4/2016,131.59,131.25,131.61,129.93
12/31/2015,133.2,134.61,134.64,133.16
12/30/2015,134.87,135.1,135.93,134.75
12/29/2015,135.29,133.81,135.57,133.76
12/28/2015,133.19,133.32,133.61,132.16
12/24/2015,133.81,133.99,134.42,133.68
12/23/2015,134.09,133.86,134.83,133.68
12/22/2015,133.5,131.52,133.76,131.3
12/21/2015,131.15,131.47,131.47,129.72
12/18/2015,130.57,132.03,132.56,129.96
12/17/2015,132.36,134.88,135.02,131.93
12/16/2015,134.82,134.66,135.17,133.37
12/15/2015,133.37,132.99,134.51,132.87
12/14/2015,131.57,130.97,131.77,129.72
12/11/2015,130.25,130.89,131.09,129.61
12/10/2015,132.39,132.63,133.43,131.36
12/9/2015,132.23,132.97,135.35,131.86
12/8/2015,133.62,133.84,134.6,133.12
12/7/2015,135.07,135.66,135.9,134.36
12/4/2015,135.92,133.66,136.49,133.56
12/3/2015,134.46,135.6,136.21,133.76
12/2/2015,135.22,136.41,136.68,135.02
12/1/2015,136.75,135.1,136.86,135.1
11/30/2015,134.95,134.16,135.41,134.07
11/27/2015,134.02,133.57,134.36,132.81
11/25/2015,133.57,133.93,133.99,132.97
11/24/2015,134.15,133.23,134.87,132.9
11/23/2015,134.02,134.08,134.41,132.72
11/20/2015,134.06,132.96,134.46,132.85
11/19/2015,132.35,131.84,133.32,131.65
11/18/2015,131.46,130.46,131.55,129.95
11/17/2015,129.53,129.91,130.49,129.03
11/16/2015,129.42,127.56,129.79,127.56
11/13/2015,127.52,128.68,128.73,127.42
11/12/2015,128.77,130.38,130.38,128.74
11/11/2015,130.69,131.72,131.83,130.18
11/10/2015,131.12,131.02,131.38,129.82
11/9/2015,130.97,133.49,133.65,130.55
11/6/2015,133.81,134.15,135.07,133.45
11/5/2015,135.4,137.07,137.81,135.15
11/4/2015,137.08,137.98,138.07,136.77
11/3/2015,137.33,135.53,138.22,135.41
11/2/2015,135.87,135.99,136.01,135.09
10/30/2015,135.58,135.93,136.79,135.41
10/29/2015,136.04,135.86,136.3,134.56
10/28/2015,136.31,133.49,136.7,133.09
10/27/2015,133.44,138.9,139.21,132.92
10/26/2015,139.05,140.1,140.35,138.61
10/23/2015,140.04,139.97,140.82,139.09
10/22/2015,139.47,137.19,140.41,137.08
10/21/2015,136.4,135.75,138.08,134.83
10/20/2015,136.13,137.92,138.29,135.77
10/19/2015,144.43,145.04,145.16,143.62
10/16/2015,145.56,145.62,146.35,144.47
10/15/2015,145.27,146.07,146.39,143.81
10/14/2015,145.2,144.8,145.82,144.24
10/13/2015,144.82,145.94,145.94,144.39
10/12/2015,146.29,147.51,147.68,146.01
10/9/2015,147.5,147.57,148.23,146.42
10/8/2015,147.39,144.89,148.11,144.5
10/7/2015,145.27,145.22,145.89,144.08
10/6/2015,144.01,144.28,145.33,143.72
10/5/2015,144.26,141.14,145.08,141.14
10/2/2015,139.94,136.52,139.95,136.05
10/1/2015,138.98,140.65,141,137.05
9/30/2015,140.32,139.08,141.03,139.05
9/29/2015,137.9,137.43,138.08,136.62
9/28/2015,137.95,139.79,140.71,137.9
9/25/2015,140.75,140.88,141.58,139.89
9/24/2015,139.78,138.02,140.41,137.39
9/23/2015,139.05,139.58,139.93,138.17
9/22/2015,139.79,139.98,140.4,139.16
9/21/2015,141.78,140.72,142.26,140.27
9/18/2015,139.87,141.36,141.69,139.36
9/17/2015,143.39,143.35,144.88,142.57
9/16/2015,143.65,143.1,144.11,142.81
9/15/2015,142.8,141.9,143.18,141.08
9/14/2015,140.98,142.64,142.64,140.74
9/11/2015,142.64,141.23,142.77,141
9/10/2015,141.51,141.17,142.44,139.87
9/9/2015,140.39,143.97,144.26,140.2
9/8/2015,142.5,141.18,142.61,140.99
9/4/2015,139.09,139.93,140.73,138.72
9/3/2015,142.07,141.36,143.28,141.09
9/2/2015,140.39,140.09,140.42,138.58
9/1/2015,138.1,140.26,140.33,137.3
8/31/2015,143.14,142.65,143.64,141.57
8/28/2015,143.23,143.01,143.44,142.46
8/27/2015,143.77,143.73,144.19,140.99
8/26/2015,141.99,139.47,142.26,137.58
8/25/2015,136.44,142.22,142.39,136.11
8/24/2015,138.87,138.87,143.02,137.75
8/21/2015,144.07,146.64,148.27,143.93
8/20/2015,147.76,147.84,148.97,147.61
8/19/2015,149,150.17,150.67,148.49
8/18/2015,151,150.52,151.5,150.27
8/17/2015,151.29,150.22,151.66,149.74
8/14/2015,150.75,150.03,151.2,149.62
8/13/2015,150.09,151.05,151.08,149.36
8/12/2015,151.15,149.31,151.5,149.01
8/11/2015,150.52,150.95,150.98,149.89
8/10/2015,151.72,151.74,152.41,151.11
8/7/2015,150.14,150.89,151.24,149.38
8/6/2015,151.3,152.09,152.48,151.17
8/5/2015,152.83,153.99,154.42,152.43
8/4/2015,152.54,153.32,153.72,151.84
8/3/2015,153.62,156.51,156.66,152.83
7/31/2015,156.79,156.22,156.86,155.47
7/30/2015,155.79,155.35,156.22,154.62
7/29/2015,155.92,154.87,156.32,154.27
7/28/2015,154.91,154.78,155.05,153.41
7/27/2015,153.97,153.9,155.04,153.51
7/24/2015,154.62,156.11,156.73,154.29
7/23/2015,156.54,155.13,157.53,154.7
7/22/2015,155.2,157.51,157.84,154.57
7/21/2015,157.84,159.07,161.01,156.82
7/20/2015,167.66,167.24,168.2,166.62
7/17/2015,166.97,164.86,166.98,164.64
7/16/2015,165.51,164.03,165.6,163.73
7/15/2015,163.12,163.07,163.84,162.61
7/14/2015,163.2,163.99,164.1,162.84
7/13/2015,163.94,162.54,164.44,162.14
7/10/2015,161.59,160.34,162.03,160.2
7/9/2015,158.59,160.03,160.2,158.45
7/8/2015,157.92,158.74,159.65,157.46
7/7/2015,159.7,159.65,160.04,157.03
7/6/2015,159.44,158.57,159.93,158.27
7/2/2015,159.79,159.75,160.01,159.14
7/1/2015,159.21,158.71,160.3,158.35
6/30/2015,157.44,158.73,158.74,156.92
6/29/2015,157.74,158.66,160.04,157.66
6/26/2015,160.15,160.9,161.46,159.93
6/25/2015,160.75,162.41,162.73,160.75
6/24/2015,161.61,163.3,163.42,161.48
6/23/2015,163.21,162.98,164.52,162.2
6/22/2015,162.35,162.27,162.94,161.83
6/19/2015,161.63,162.24,163.01,161.42
6/18/2015,162.85,161.69,163.31,161.69
6/17/2015,161.81,161.64,162.46,160.77
6/16/2015,161.49,160.99,162.03,160.59
6/15/2015,160.92,160.02,161.1,158.98
6/12/2015,161.63,162.83,162.9,161.34
6/11/2015,163.36,163.83,164.97,163.13
6/10/2015,163.5,161.15,163.95,160.73
6/9/2015,160.36,160.03,160.69,158.13
6/8/2015,160.03,161.81,161.91,159.72
6/5/2015,162.03,162.85,163.49,161.83
6/4/2015,162.98,164.09,165.12,162.54
6/3/2015,164.47,165.03,166.05,164.19
6/2/2015,164.21,164.22,164.98,163.02
6/1/2015,164.72,164.75,165.55,163.61
5/29/2015,164.21,165.85,165.85,164.21
5/28/2015,166.2,165.95,166.33,165.18
5/27/2015,166.48,165.67,166.94,165.02
5/26/2015,164.67,166.59,166.6,163.7
5/22/2015,166.69,167.49,167.83,166.66
5/21/2015,167.78,167.76,168.55,167.48
5/20/2015,168.18,167.77,168.84,166.93
5/19/2015,167.91,167.42,168.17,166.41
5/18/2015,167.51,167.87,167.92,166.77
5/15/2015,167.7,168.33,168.81,167.06
5/14/2015,168.46,167.93,168.8,167.66
5/13/2015,166.75,165.74,167.2,165.27
5/12/2015,165.08,165.08,165.99,163.42
5/11/2015,165.63,167.11,167.44,165.38
5/8/2015,167.14,167.39,167.77,166.71
5/7/2015,165.5,164.19,166.46,163.62
5/6/2015,164.59,167.35,168.46,163.44
5/5/2015,167.53,167.94,168.64,166.44
5/4/2015,168.39,168.87,170.64,168.13
5/1/2015,168.1,167.64,168.42,166.89
4/30/2015,165.79,168.19,168.69,164.83
4/29/2015,168.8,167.84,169.51,167.25
4/28/2015,168.34,165.35,169.08,164.56
4/27/2015,165.25,165.41,165.99,164.83
4/24/2015,164.33,164.77,165.37,163.32
4/23/2015,164.78,159.93,166.39,159.84
4/22/2015,160.05,159.11,160.67,157.66
4/21/2015,158.99,160.74,162.01,158.79
4/20/2015,160.83,156.9,161.29,156.7
4/17/2015,155.51,156.56,156.67,154.89
4/16/2015,157.89,158.07,158.72,157.32
4/15/2015,158.86,157.41,159.67,157.28
4/14/2015,157.09,157.21,157.51,155.63
4/13/2015,157.17,157.16,158.74,157.15
4/10/2015,157.63,157.13,158.09,156.08
4/9/2015,157.13,156.51,157.26,155.56
4/8/2015,156.66,156.53,158.3,155.84
4/7/2015,156.87,156.48,158.58,156.43
4/6/2015,156.84,154.57,157.58,153.61
4/2/2015,155.3,154.4,157.32,153.79
4/1/2015,154.07,155.09,155.47,153.31
3/31/2015,155.35,155.91,157.12,155.25
3/30/2015,157.45,156.13,158.35,156.08
3/27/2015,155.25,155.63,155.74,154.12
3/26/2015,155.44,154.16,156.08,153.81
3/25/2015,154.09,157.85,157.85,154.09
3/24/2015,157.77,159.5,159.6,157.67
3/23/2015,159.35,157.55,160.04,157.51
3/20/2015,157.65,155.78,157.77,155.2
3/19/2015,154.68,154.57,155.76,153.71
3/18/2015,154.68,151.82,155.54,150.8
3/17/2015,151.92,151.19,152.24,150.38
3/16/2015,152.04,150.07,152.05,149.83
3/13/2015,149.33,152.41,152.46,148.48
3/12/2015,152.91,151.25,153.63,151.25
3/11/2015,151.77,153.48,154.03,150.93
3/10/2015,152.75,154.48,155.09,152.75
3/9/2015,155.61,153.12,155.98,153.12
3/6/2015,153.41,155.05,156.26,152.99
3/5/2015,156.01,154.73,156.32,154.58
3/4/2015,154.3,155.39,155.41,153.63
3/3/2015,155.86,155.13,156.56,154.87
3/2/2015,155.33,156.49,156.69,154.68
2/27/2015,156.74,155.88,157.08,155.02
2/26/2015,155.71,158.49,158.87,154.64
2/25/2015,157.58,159.65,159.67,157.36
2/24/2015,159.54,157.28,159.7,156.33
2/23/2015,157.68,158.96,159.12,157.28
2/20/2015,158.4,158.39,159.07,156.89
2/19/2015,158.63,156.85,159.21,156.26
2/18/2015,156.98,156.67,157.26,155.48
2/17/2015,155.79,154.62,156.23,154.6
2/13/2015,155.25,153.68,155.64,153.55
2/12/2015,153.43,153.63,154.38,153.02
2/11/2015,153.12,152.7,153.98,152.13
2/10/2015,153.47,151.71,153.47,150.1
2/9/2015,150.75,150.99,152.45,150.41
2/6/2015,151.69,152.29,153.01,151.22
2/5/2015,152.84,152.24,153.5,152.11
2/4/2015,151.92,152.16,153.62,151.67
2/3/2015,153.38,149.78,153.51,149.78
2/2/2015,149.7,149.06,149.7,146.65
1/30/2015,148.39,148.97,150.26,148.13
1/29/2015,150.49,146.52,150.59,144.72
1/28/2015,146.69,149.06,149.57,146.69
1/27/2015,148.74,149.97,150.11,147.69
1/26/2015,151.34,153.18,154.34,150.77
1/23/2015,150.87,150.05,152.54,149.92
1/22/2015,150.4,147.06,150.72,146.89
1/21/2015,147.21,148.12,149.54,146.22
1/20/2015,151.91,151.67,152.28,149.09
1/16/2015,152.1,148.88,152.57,148.88
1/15/2015,149.61,151.66,151.93,149.21
1/14/2015,150.8,149.89,151.47,148.81
1/13/2015,151.78,152.21,154.84,150.68
1/12/2015,151.42,153.9,154.14,150.76
1/9/2015,154,153.34,155.19,152.2
1/8/2015,153.34,151.23,153.94,150.56
1/7/2015,150.07,152.16,152.16,149.09
1/6/2015,151.06,154.55,154.83,150.19
1/5/2015,154.39,156.09,156.09,154.08
1/2/2015,156.86,156.13,158.07,155.83
12/31/2014,155.29,155.26,156.32,155.23
12/30/2014,154.91,154.88,155.66,154.66
12/29/2014,155.36,156.8,157.13,154.33
12/26/2014,157.13,157.06,157.86,156.81
12/24/2014,156.63,157.65,157.76,156.42
12/23/2014,157.03,157.02,157.67,156.42
12/22/2014,156.26,153.25,156.71,153.25
12/19/2014,153.42,152.44,155.26,152.44
12/18/2014,152.62,148.65,152.62,148.38
12/17/2014,147.05,146.66,148.39,146.26
12/16/2014,146.55,147.15,149.92,145.67
12/15/2014,148.15,150.93,151.71,147.93
12/12/2014,150.39,155.11,155.35,150.35
12/11/2014,155.9,155.66,157.7,155.37
12/10/2014,155.36,157.78,158.09,154.89
12/9/2014,157.76,155.68,157.79,155.64
12/8/2014,156.67,158.05,158.05,156.36
12/5/2014,158.03,158.36,159.22,157.68
12/4/2014,158.79,158.75,159.22,157.78
12/3/2014,159.24,157.26,159.24,156.8
12/2/2014,157.45,157.26,157.51,156.45
12/1/2014,156.36,156.45,158.07,156.17
11/28/2014,156.97,157.53,158.13,156.26
11/26/2014,156.75,156.73,156.9,155.84
11/25/2014,156.57,157.43,158.25,156.38
11/24/2014,156.95,156.36,158.6,155.89
11/21/2014,155.76,156.64,156.75,155.59
11/20/2014,155.48,155.78,156.32,154.67
11/19/2014,156.25,156.85,156.9,155.79
11/18/2014,156.69,159.44,159.46,156.69
11/17/2014,158.89,158.89,159.68,158.47
11/14/2014,158.89,156.9,159.21,156.5
11/13/2014,157.57,156.8,157.58,156.61
11/12/2014,156.72,157.07,157.77,156.57
11/11/2014,158.06,158.45,158.64,157.38
11/10/2014,158.24,156.7,159.19,156.42
11/7/2014,156.87,156.24,157,155.69
11/6/2014,156.28,156.1,156.35,154.91
11/5/2014,156.63,157.89,158.29,156.38
11/4/2014,157.43,159.07,159.09,157.03
11/3/2014,159.09,158.98,159.26,158.13
10/31/2014,159.12,160.17,160.28,158.37
10/30/2014,159.08,158.25,159.34,157.79
10/29/2014,158.21,159.06,159.33,157.54
10/28/2014,158.35,156.8,158.35,156.61
10/27/2014,156.68,156.8,157.68,156.62
